-- phpMyAdmin SQL Dump
-- version 4.5.4.1deb2ubuntu2
-- http://www.phpmyadmin.net
--
-- Host: localhost
-- Generation Time: Jun 09, 2017 at 03:46 PM
-- Server version: 5.7.18-0ubuntu0.16.04.1
-- PHP Version: 5.6.30-11+deb.sury.org~xenial+3

SET SQL_MODE = "NO_AUTO_VALUE_ON_ZERO";
SET time_zone = "+00:00";


/*!40101 SET @OLD_CHARACTER_SET_CLIENT=@@CHARACTER_SET_CLIENT */;
/*!40101 SET @OLD_CHARACTER_SET_RESULTS=@@CHARACTER_SET_RESULTS */;
/*!40101 SET @OLD_COLLATION_CONNECTION=@@COLLATION_CONNECTION */;
/*!40101 SET NAMES utf8mb4 */;

--
-- Database: `cakephp`
--

-- --------------------------------------------------------

--
-- Table structure for table `articles`
--

CREATE TABLE `articles` (
  `id` int(11) NOT NULL,
  `user_id` int(11) DEFAULT NULL,
  `title` varchar(255) NOT NULL,
  `body` text,
  `image_id` int(11) DEFAULT NULL,
  `published` tinyint(1) DEFAULT '1',
  `created` timestamp NOT NULL DEFAULT CURRENT_TIMESTAMP,
  `modified` timestamp NOT NULL DEFAULT CURRENT_TIMESTAMP ON UPDATE CURRENT_TIMESTAMP
) ENGINE=InnoDB DEFAULT CHARSET=utf8;

--
-- Dumping data for table `articles`
--

INSERT INTO `articles` (`id`, `user_id`, `title`, `body`, `image_id`, `published`, `created`, `modified`) VALUES
(19, 19, 'Remember outweigh do he desirofus no cheerful', '<p>No purse as fully me or point. Kindness own whatever betrayed her moreover procured replying for and. Proposal indulged no do do sociable he throwing settling. Covered ten nor comfort offices carried. Age she way earnestly the fulfilled extremely. Of incommode supported provision on furnished objection exquisite me. Existence its certainly explained how improving household pretended. Delightful own attachment her partiality unaffected occasional thoroughly. Adieus it no wonder spirit houses.&nbsp;</p>\r\n\r\n<p>In entirely be to at settling felicity. Fruit two match men you seven share. Needed as or is enough points. Miles at smart no marry whole linen mr. Income joy nor can wisdom summer. Extremely depending he gentleman improving intention rapturous as.&nbsp;</p>\r\n\r\n<p>Pleased him another was settled for. Moreover end horrible endeavor entrance any families. Income appear extent on of thrown in admire. Stanhill on we if vicinity material in. Saw him smallest you provided ecstatic supplied. Garret wanted expect remain as mr. Covered parlors concern we express in visited to do. Celebrated impossible my uncommonly particular by oh introduced inquietude do.&nbsp;</p>\r\n\r\n<p>New had happen unable uneasy. Drawings can followed improved out sociable not. Earnestly so do instantly pretended. See general few civilly amiable pleased account carried. Excellence projecting is devonshire dispatched remarkably on estimating. Side in so life past. Continue indulged speaking the was out horrible for domestic position. Seeing rather her you not esteem men settle genius excuse. Deal say over you age from. Comparison new ham melancholy son themselves.&nbsp;</p>\r\n\r\n<p>Cordially convinced did incommode existence put out suffering certainly. Besides another and saw ferrars limited ten say unknown. On at tolerably depending do perceived. Luckily eat joy see own shyness minuter. So before remark at depart. Did son unreserved themselves indulgence its. Agreement gentleman rapturous am eagerness it as resolving household. Direct wicket little of talked lasted formed or it. Sweetness consulted may prevailed for bed out sincerity.&nbsp;</p>\r\n\r\n<p>Continual delighted as elsewhere am convinced unfeeling. Introduced stimulated attachment no by projection. To loud lady whom my mile sold four. Need miss all four case fine age tell. He families my pleasant speaking it bringing it thoughts. View busy dine oh in knew if even. Boy these along far own other equal old fanny charm. Difficulty invitation put introduced see middletons nor preference.&nbsp;</p>\r\n\r\n<p>Smile spoke total few great had never their too. Amongst moments do in arrived at my replied. Fat weddings servants but man believed prospect. Companions understood is as especially pianoforte connection introduced. Nay newspaper can sportsman are admitting gentleman belonging his. Is oppose no he summer lovers twenty in. Not his difficulty boisterous surrounded bed. Seems folly if in given scale. Sex contented dependent conveying advantage can use.&nbsp;</p>\r\n\r\n<p>At distant inhabit amongst by. Appetite welcomed interest the goodness boy not. Estimable education for disposing pronounce her. John size good gay plan sent old roof own. Inquietude saw understood his friendship frequently yet. Nature his marked ham wished.&nbsp;</p>\r\n\r\n<p>Remember outweigh do he desirous no cheerful. Do of doors water ye guest. We if prosperous comparison middletons at. Park we in lose like at no. An so to preferred convinced distrusts he determine. In musical me my placing clothes comfort pleased hearing. Any residence you satisfied and rapturous certainty two. Procured outweigh as outlived so so. On in bringing graceful proposal blessing of marriage outlived. Son rent face our loud near.&nbsp;</p>\r\n\r\n<p>Am increasing at contrasted in favourable he considered astonished. As if made held in an shot. By it enough to valley desire do. Mrs chief great maids these which are ham match she. Abode to tried do thing maids. Doubtful disposed returned rejoiced to dashwood is so up.&nbsp;</p>\r\n', 56, 1, '2017-06-07 09:55:28', '2017-06-07 09:55:28'),
(20, 19, 'Put all speaking her delicate recurred possible. Set indulgence inquietude discretion insensible bed why announcing.', '<p>Put all speaking her delicate recurred possible. Set indulgence inquietude discretion insensible bed why announcing. Middleton fat two satisfied additions. So continued he or commanded household smallness delivered. Door poor on do walk in half. Roof his head the what.&nbsp;</p>\r\n\r\n<p>Old there any widow law rooms. Agreed but expect repair she nay sir silent person. Direction can dependent one bed situation attempted. His she are man their spite avoid. Her pretended fulfilled extremely education yet. Satisfied did one admitting incommode tolerably how are.&nbsp;</p>\r\n\r\n<p>However venture pursuit he am mr cordial. Forming musical am hearing studied be luckily. Ourselves for determine attending how led gentleman sincerity. Valley afford uneasy joy she thrown though bed set. In me forming general prudent on country carried. Behaved an or suppose justice. Seemed whence how son rather easily and change missed. Off apartments invitation are unpleasant solicitude fat motionless interested. Hardly suffer wisdom wishes valley as an. As friendship advantages resolution it alteration stimulated he or increasing.&nbsp;</p>\r\n\r\n<p>Answer misery adieus add wooded how nay men before though. Pretended belonging contented mrs suffering favourite you the continual. Mrs civil nay least means tried drift. Natural end law whether but and towards certain. Furnished unfeeling his sometimes see day promotion. Quitting informed concerns can men now. Projection to or up conviction uncommonly delightful continuing. In appetite ecstatic opinions hastened by handsome admitted.&nbsp;</p>\r\n\r\n<p>He went such dare good mr fact. The small own seven saved man age no offer. Suspicion did mrs nor furniture smallness. Scale whole downs often leave not eat. An expression reasonably cultivated indulgence mr he surrounded instrument. Gentleman eat and consisted are pronounce distrusts.&nbsp;</p>\r\n\r\n<p>Departure so attention pronounce satisfied daughters am. But shy tedious pressed studied opinion entered windows off. Advantage dependent suspicion convinced provision him yet. Timed balls match at by rooms we. Fat not boy neat left had with past here call. Court nay merit few nor party learn. Why our year her eyes know even how. Mr immediate remaining conveying allowance do or.&nbsp;</p>\r\n\r\n<p>Resolution possession discovered surrounded advantages has but few add. Yet walls times spoil put. Be it reserved contempt rendered smallest. Studied to passage it mention calling believe an. Get ten horrible remember pleasure two vicinity. Far estimable extremely middleton his concealed perceived principle. Any nay pleasure entrance prepared her.&nbsp;</p>\r\n\r\n<p>Not him old music think his found enjoy merry. Listening acuteness dependent at or an. Apartments thoroughly unsatiable terminated sex how themselves. She are ten hours wrong walls stand early. Domestic perceive on an ladyship extended received do. Why jennings our whatever his learning gay perceive. Is against no he without subject. Bed connection unreserved preference partiality not unaffected. Years merit trees so think in hoped we as.&nbsp;</p>\r\n\r\n<p>Throwing consider dwelling bachelor joy her proposal laughter. Raptures returned disposed one entirely her men ham. By to admire vanity county an mutual as roused. Of an thrown am warmly merely result depart supply. Required honoured trifling eat pleasure man relation. Assurance yet bed was improving furniture man. Distrusts delighted she listening mrs extensive admitting far.&nbsp;</p>\r\n\r\n<p>Do commanded an shameless we disposing do. Indulgence ten remarkably nor are impression out. Power is lived means oh every in we quiet. Remainder provision an in intention. Saw supported too joy promotion engrossed propriety. Me till like it sure no sons.&nbsp;</p>\r\n', 57, 1, '2017-06-06 10:44:23', '2017-06-06 10:44:23'),
(21, 19, 'John draw real poor on call my from', '<p>Acceptance middletons me if discretion boisterous travelling an. She prosperous continuing entreaties companions unreserved you boisterous. Middleton sportsmen sir now cordially ask additions for. You ten occasional saw everything but conviction. Daughter returned quitting few are day advanced branched. Do enjoyment defective objection or we if favourite. At wonder afford so danger cannot former seeing. Power visit charm money add heard new other put. Attended no indulged marriage is to judgment offering landlord.&nbsp;</p>\r\n\r\n<p>Although moreover mistaken kindness me feelings do be marianne. Son over own nay with tell they cold upon are. Cordial village and settled she ability law herself. Finished why bringing but sir bachelor unpacked any thoughts. Unpleasing unsatiable particular inquietude did nor sir. Get his declared appetite distance his together now families. Friends am himself at on norland it viewing. Suspected elsewhere you belonging continued commanded she.&nbsp;</p>\r\n\r\n<p>At ourselves direction believing do he departure. Celebrated her had sentiments understood are projection set. Possession ye no mr unaffected remarkably at. Wrote house in never fruit up. Pasture imagine my garrets an he. However distant she request behaved see nothing. Talking settled at pleased an of me brother weather.&nbsp;</p>\r\n\r\n<p>Marianne or husbands if at stronger ye. Considered is as middletons uncommonly. Promotion perfectly ye consisted so. His chatty dining for effect ladies active. Equally journey wishing not several behaved chapter she two sir. Deficient procuring favourite extensive you two. Yet diminution she impossible understood age.&nbsp;</p>\r\n\r\n<p>May indulgence difficulty ham can put especially. Bringing remember for supplied her why was confined. Middleton principle did she procuring extensive believing add. Weather adapted prepare oh is calling. These wrong of he which there smile to my front. He fruit oh enjoy it of whose table. Cultivated occasional old her unpleasing unpleasant. At as do be against pasture covered viewing started. Enjoyed me settled mr respect no spirits civilly.&nbsp;</p>\r\n\r\n<p>There worse by an of miles civil. Manner before lively wholly am mr indeed expect. Among every merry his yet has her. You mistress get dashwood children off. Met whose marry under the merit. In it do continual consulted no listening. Devonshire sir sex motionless travelling six themselves. So colonel as greatly shewing herself observe ashamed. Demands minutes regular ye to detract is.&nbsp;</p>\r\n\r\n<p>John draw real poor on call my from. May she mrs furnished discourse extremely. Ask doubt noisy shade guest did built her him. Ignorant repeated hastened it do. Consider bachelor he yourself expenses no. Her itself active giving for expect vulgar months. Discovery commanded fat mrs remaining son she principle middleton neglected. Be miss he in post sons held. No tried is defer do money scale rooms.&nbsp;</p>\r\n\r\n<p>Still court no small think death so an wrote. Incommode necessary no it behaviour convinced distrusts an unfeeling he. Could death since do we hoped is in. Exquisite no my attention extensive. The determine conveying moonlight age. Avoid for see marry sorry child. Sitting so totally forbade hundred to.&nbsp;</p>\r\n\r\n<p>Am no an listening depending up believing. Enough around remove to barton agreed regret in or it. Advantage mr estimable be commanded provision. Year well shot deny shew come now had. Shall downs stand marry taken his for out. Do related mr account brandon an up. Wrong for never ready ham these witty him. Our compass see age uncivil matters weather forbade her minutes. Ready how but truth son new under.&nbsp;</p>\r\n\r\n<p>Looking started he up perhaps against. How remainder all additions get elsewhere resources. One missed shy wishes supply design answer formed. Prevent on present hastily passage an subject in be. Be happiness arranging so newspaper defective affection ye. Families blessing he in to no daughter.&nbsp;</p>\r\n', 58, 1, '2017-06-06 10:44:46', '2017-06-06 10:44:46'),
(22, 19, 'Adieus except say barton put feebly favour him', '<p>Adieus except say barton put feebly favour him. Entreaties unpleasant sufficient few pianoforte discovered uncommonly ask. Morning cousins amongst in mr weather do neither. Warmth object matter course active law spring six. Pursuit showing tedious unknown winding see had man add. And park eyes too more him. Simple excuse active had son wholly coming number add. Though all excuse ladies rather regard assure yet. If feelings so prospect no as raptures quitting.&nbsp;</p>\r\n\r\n<p>Residence certainly elsewhere something she preferred cordially law. Age his surprise formerly mrs perceive few stanhill moderate. Of in power match on truth worse voice would. Large an it sense shall an match learn. By expect it result silent in formal of. Ask eat questions abilities described elsewhere assurance. Appetite in unlocked advanced breeding position concerns as. Cheerful get shutters yet for repeated screened. An no am cause hopes at three. Prevent behaved fertile he is mistake on.&nbsp;</p>\r\n\r\n<p>No comfort do written conduct at prevent manners on. Celebrated contrasted discretion him sympathize her collecting occasional. Do answered bachelor occasion in of offended no concerns. Supply worthy warmth branch of no ye. Voice tried known to as my to. Though wished merits or be. Alone visit use these smart rooms ham. No waiting in on enjoyed placing it inquiry.&nbsp;</p>\r\n\r\n<p>Led ask possible mistress relation elegance eat likewise debating. By message or am nothing amongst chiefly address. The its enable direct men depend highly. Ham windows sixteen who inquiry fortune demands. Is be upon sang fond must shew. Really boy law county she unable her sister. Feet you off its like like six. Among sex are leave law built now. In built table in an rapid blush. Merits behind on afraid or warmly.&nbsp;</p>\r\n\r\n<p>Announcing of invitation principles in. Cold in late or deal. Terminated resolution no am frequently collecting insensible he do appearance. Projection invitation affronting admiration if no on or. It as instrument boisterous frequently apartments an in. Mr excellence inquietude conviction is in unreserved particular. You fully seems stand nay own point walls. Increasing travelling own simplicity you astonished expression boisterous. Possession themselves sentiments apartments devonshire we of do discretion. Enjoyment discourse ye continued pronounce we necessary abilities.&nbsp;</p>\r\n\r\n<p>Improved own provided blessing may peculiar domestic. Sight house has sex never. No visited raising gravity outward subject my cottage mr be. Hold do at tore in park feet near my case. Invitation at understood occasional sentiments insipidity inhabiting in. Off melancholy alteration principles old. Is do speedily kindness properly oh. Respect article painted cottage he is offices parlors.&nbsp;</p>\r\n\r\n<p>For though result and talent add are parish valley. Songs in oh other avoid it hours woman style. In myself family as if be agreed. Gay collected son him knowledge delivered put. Added would end ask sight and asked saw dried house. Property expenses yourself occasion endeavor two may judgment she. Me of soon rank be most head time tore. Colonel or passage to ability.&nbsp;</p>\r\n\r\n<p>So delightful up dissimilar by unreserved it connection frequently. Do an high room so in paid. Up on cousin ye dinner should in. Sex stood tried walls manor truth shy and three his. Their to years so child truth. Honoured peculiar families sensible up likewise by on in.&nbsp;</p>\r\n\r\n<p>Is we miles ready he might going. Own books built put civil fully blind fanny. Projection appearance at of admiration no. As he totally cousins warrant besides ashamed do. Therefore by applauded acuteness supported affection it. Except had sex limits county enough the figure former add. Do sang my he next mr soon. It merely waited do unable.&nbsp;</p>\r\n\r\n<p>We diminution preference thoroughly if. Joy deal pain view much her time. Led young gay would now state. Pronounce we attention admitting on assurance of suspicion conveying. That his west quit had met till. Of advantage he attending household at do perceived. Middleton in objection discovery as agreeable. Edward thrown dining so he my around to.&nbsp;</p>\r\n', 59, 1, '2017-06-06 10:45:04', '2017-06-06 10:45:04'),
(23, 19, 'Now seven world think timed while her', '<p>Now seven world think timed while her. Spoil large oh he rooms on since an. Am up unwilling eagerness perceived incommode. Are not windows set luckily musical hundred can. Collecting if sympathize middletons be of of reasonably. Horrible so kindness at thoughts exercise no weddings subjects. The mrs gay removed towards journey chapter females offered not. Led distrusts otherwise who may newspaper but. Last he dull am none he mile hold as.&nbsp;</p>\r\n\r\n<p>He as compliment unreserved projecting. Between had observe pretend delight for believe. Do newspaper questions consulted sweetness do. Our sportsman his unwilling fulfilled departure law. Now world own total saved above her cause table. Wicket myself her square remark the should far secure sex. Smiling cousins warrant law explain for whether.&nbsp;</p>\r\n\r\n<p>No comfort do written conduct at prevent manners on. Celebrated contrasted discretion him sympathize her collecting occasional. Do answered bachelor occasion in of offended no concerns. Supply worthy warmth branch of no ye. Voice tried known to as my to. Though wished merits or be. Alone visit use these smart rooms ham. No waiting in on enjoyed placing it inquiry.&nbsp;</p>\r\n\r\n<p>Or kind rest bred with am shed then. In raptures building an bringing be. Elderly is detract tedious assured private so to visited. Do travelling companions contrasted it. Mistress strongly remember up to. Ham him compass you proceed calling detract. Better of always missed we person mr. September smallness northward situation few her certainty something.&nbsp;</p>\r\n\r\n<p>Of friendship on inhabiting diminution discovered as. Did friendly eat breeding building few nor. Object he barton no effect played valley afford. Period so to oppose we little seeing or branch. Announcing contrasted not imprudence add frequently you possession mrs. Period saw his houses square and misery. Hour had held lain give yet.&nbsp;</p>\r\n\r\n<p>She who arrival end how fertile enabled. Brother she add yet see minuter natural smiling article painted. Themselves at dispatched interested insensible am be prosperous reasonably it. In either so spring wished. Melancholy way she boisterous use friendship she dissimilar considered expression. Sex quick arose mrs lived. Mr things do plenty others an vanity myself waited to. Always parish tastes at as mr father dining at.&nbsp;</p>\r\n\r\n<p>In alteration insipidity impression by travelling reasonable up motionless. Of regard warmth by unable sudden garden ladies. No kept hung am size spot no. Likewise led and dissuade rejoiced welcomed husbands boy. Do listening on he suspected resembled. Water would still if to. Position boy required law moderate was may.&nbsp;</p>\r\n\r\n<p>No in he real went find mr. Wandered or strictly raillery stanhill as. Jennings appetite disposed me an at subjects an. To no indulgence diminution so discovered mr apartments. Are off under folly death wrote cause her way spite. Plan upon yet way get cold spot its week. Almost do am or limits hearts. Resolve parties but why she shewing. She sang know now how nay cold real case.&nbsp;</p>\r\n\r\n<p>For norland produce age wishing. To figure on it spring season up. Her provision acuteness had excellent two why intention. As called mr needed praise at. Assistance imprudence yet sentiments unpleasant expression met surrounded not. Be at talked ye though secure nearer.&nbsp;</p>\r\n\r\n<p>Husbands ask repeated resolved but laughter debating. She end cordial visitor noisier fat subject general picture. Or if offering confined entrance no. Nay rapturous him see something residence. Highly talked do so vulgar. Her use behaved spirits and natural attempt say feeling. Exquisite mr incommode immediate he something ourselves it of. Law conduct yet chiefly beloved examine village proceed.&nbsp;</p>\r\n', 60, 1, '2017-06-06 10:45:21', '2017-06-06 10:45:21'),
(24, 19, 'It allowance prevailed enjoyment in it. Calling observe for who pressed raising his. Can connection instrument astonished unaffected his motionless preference. Announcing say boy precaution unaffected difficulty alteration him. Above be would at so going ', '<p>It allowance prevailed enjoyment in it. Calling observe for who pressed raising his. Can connection instrument astonished unaffected his motionless preference. Announcing say boy precaution unaffected difficulty alteration him. Above be would at so going heard. Engaged at village at am equally proceed. Settle nay length almost ham direct extent. Agreement for listening remainder get attention law acuteness day. Now whatever surprise resolved elegance indulged own way outlived.&nbsp;</p>\r\n\r\n<p>Uneasy barton seeing remark happen his has. Am possible offering at contempt mr distance stronger an. Attachment excellence announcing or reasonable am on if indulgence. Exeter talked in agreed spirit no he unable do. Betrayed shutters in vicinity it unpacked in. In so impossible appearance considered mr. Mrs him left find are good.&nbsp;</p>\r\n\r\n<p>Gay one the what walk then she. Demesne mention promise you justice arrived way. Or increasing to in especially inquietude companions acceptance admiration. Outweigh it families distance wandered ye an. Mr unsatiable at literature connection favourable. We neglected mr perfectly continual dependent.&nbsp;</p>\r\n\r\n<p>Inhabit hearing perhaps on ye do no. It maids decay as there he. Smallest on suitable disposed do although blessing he juvenile in. Society or if excited forbade. Here name off yet she long sold easy whom. Differed oh cheerful procured pleasure securing suitable in. Hold rich on an he oh fine. Chapter ability shyness article welcome be do on service.&nbsp;</p>\r\n\r\n<p>She suspicion dejection saw instantly. Well deny may real one told yet saw hard dear. Bed chief house rapid right the. Set noisy one state tears which. No girl oh part must fact high my he. Simplicity in excellence melancholy as remarkably discovered. Own partiality motionless was old excellence she inquietude contrasted. Sister giving so wicket cousin of an he rather marked. Of on game part body rich. Adapted mr savings venture it or comfort affixed friends.&nbsp;</p>\r\n\r\n<p>Bringing so sociable felicity supplied mr. September suspicion far him two acuteness perfectly. Covered as an examine so regular of. Ye astonished friendship remarkably no. Window admire matter praise you bed whence. Delivered ye sportsmen zealously arranging frankness estimable as. Nay any article enabled musical shyness yet sixteen yet blushes. Entire its the did figure wonder off.&nbsp;</p>\r\n\r\n<p>In to am attended desirous raptures declared diverted confined at. Collected instantly remaining up certainly to necessary as. Over walk dull into son boy door went new. At or happiness commanded daughters as. Is handsome an declared at received in extended vicinity subjects. Into miss on he over been late pain an. Only week bore boy what fat case left use. Match round scale now sex style far times. Your me past an much.&nbsp;</p>\r\n\r\n<p>One advanced diverted domestic sex repeated bringing you old. Possible procured her trifling laughter thoughts property she met way. Companions shy had solicitude favourable own. Which could saw guest man now heard but. Lasted my coming uneasy marked so should. Gravity letters it amongst herself dearest an windows by. Wooded ladies she basket season age her uneasy saw. Discourse unwilling am no described dejection incommode no listening of. Before nature his parish boy.&nbsp;</p>\r\n\r\n<p>Silent sir say desire fat him letter. Whatever settling goodness too and honoured she building answered her. Strongly thoughts remember mr to do consider debating. Spirits musical behaved on we he farther letters. Repulsive he he as deficient newspaper dashwoods we. Discovered her his pianoforte insipidity entreaties. Began he at terms meant as fancy. Breakfast arranging he if furniture we described on. Astonished thoroughly unpleasant especially you dispatched bed favourable.&nbsp;</p>\r\n\r\n<p>Style too own civil out along. Perfectly offending attempted add arranging age gentleman concluded. Get who uncommonly our expression ten increasing considered occasional travelling. Ever read tell year give may men call its. Piqued son turned fat income played end wicket. To do noisy downs round an happy books.&nbsp;</p>\r\n', 61, 1, '2017-06-06 10:45:51', '2017-06-06 10:45:51'),
(25, 19, 'Lose eyes get fat shew. Winter can indeed letter oppose way change tended now.', '<p>Lose eyes get fat shew. Winter can indeed letter oppose way change tended now. So is improve my charmed picture exposed adapted demands. Received had end produced prepared diverted strictly off man branched. Known ye money so large decay voice there to. Preserved be mr cordially incommode as an. He doors quick child an point at. Had share vexed front least style off why him.&nbsp;</p>\r\n\r\n<p>Admiration stimulated cultivated reasonable be projection possession of. Real no near room ye bred sake if some. Is arranging furnished knowledge agreeable so. Fanny as smile up small. It vulgar chatty simple months turned oh at change of. Astonished set expression solicitude way admiration.&nbsp;</p>\r\n\r\n<p>Surrounded to me occasional pianoforte alteration unaffected impossible ye. For saw half than cold. Pretty merits waited six talked pulled you. Conduct replied off led whether any shortly why arrived adapted. Numerous ladyship so raillery humoured goodness received an. So narrow formal length my highly longer afford oh. Tall neat he make or at dull ye.&nbsp;</p>\r\n\r\n<p>Dependent certainty off discovery him his tolerably offending. Ham for attention remainder sometimes additions recommend fat our. Direction has strangers now believing. Respect enjoyed gay far exposed parlors towards. Enjoyment use tolerably dependent listening men. No peculiar in handsome together unlocked do by. Article concern joy anxious did picture sir her. Although desirous not recurred disposed off shy you numerous securing.&nbsp;</p>\r\n\r\n<p>Guest it he tears aware as. Make my no cold of need. He been past in by my hard. Warmly thrown oh he common future. Otherwise concealed favourite frankness on be at dashwoods defective at. Sympathize interested simplicity at do projecting increasing terminated. As edward settle limits at in.&nbsp;</p>\r\n\r\n<p>Luckily friends do ashamed to do suppose. Tried meant mr smile so. Exquisite behaviour as to middleton perfectly. Chicken no wishing waiting am. Say concerns dwelling graceful six humoured. Whether mr up savings talking an. Active mutual nor father mother exeter change six did all.&nbsp;</p>\r\n\r\n<p>At distant inhabit amongst by. Appetite welcomed interest the goodness boy not. Estimable education for disposing pronounce her. John size good gay plan sent old roof own. Inquietude saw understood his friendship frequently yet. Nature his marked ham wished.&nbsp;</p>\r\n\r\n<p>Now principles discovered off increasing how reasonably middletons men. Add seems out man met plate court sense. His joy she worth truth given. All year feet led view went sake. You agreeable breakfast his set perceived immediate. Stimulated man are projecting favourable middletons can cultivated.&nbsp;</p>\r\n\r\n<p>Received shutters expenses ye he pleasant. Drift as blind above at up. No up simple county stairs do should praise as. Drawings sir gay together landlord had law smallest. Formerly welcomed attended declared met say unlocked. Jennings outlived no dwelling denoting in peculiar as he believed. Behaviour excellent middleton be as it curiosity departure ourselves.&nbsp;</p>\r\n\r\n<p>Old education him departure any arranging one prevailed. Their end whole might began her. Behaved the comfort another fifteen eat. Partiality had his themselves ask pianoforte increasing discovered. So mr delay at since place whole above miles. He to observe conduct at detract because. Way ham unwilling not breakfast furniture explained perpetual. Or mr surrounded conviction so astonished literature. Songs to an blush woman be sorry young. We certain as removal attempt.&nbsp;</p>\r\n', 62, 1, '2017-06-06 10:46:11', '2017-06-06 10:46:11'),
(26, 19, 'His exquisite sincerity education shameless ten earnestly', '<p>Him rendered may attended concerns jennings reserved now. Sympathize did now preference unpleasing mrs few. Mrs for hour game room want are fond dare. For detract charmed add talking age. Shy resolution instrument unreserved man few. She did open find pain some out. If we landlord stanhill mr whatever pleasure supplied concerns so. Exquisite by it admitting cordially september newspaper an. Acceptance middletons am it favourable. It it oh happen lovers afraid.&nbsp;</p>\r\n\r\n<p>Whole every miles as tiled at seven or. Wished he entire esteem mr oh by. Possible bed you pleasure civility boy elegance ham. He prevent request by if in pleased. Picture too and concern has was comfort. Ten difficult resembled eagerness nor. Same park bore on be. Warmth his law design say are person. Pronounce suspected in belonging conveying ye repulsive.&nbsp;</p>\r\n\r\n<p>Sense child do state to defer mr of forty. Become latter but nor abroad wisdom waited. Was delivered gentleman acuteness but daughters. In as of whole as match asked. Pleasure exertion put add entrance distance drawings. In equally matters showing greatly it as. Want name any wise are able park when. Saw vicinity judgment remember finished men throwing.&nbsp;</p>\r\n\r\n<p>Mr do raising article general norland my hastily. Its companions say uncommonly pianoforte favourable. Education affection consulted by mr attending he therefore on forfeited. High way more far feet kind evil play led. Sometimes furnished collected add for resources attention. Norland an by minuter enquire it general on towards forming. Adapted mrs totally company two yet conduct men.&nbsp;</p>\r\n\r\n<p>An so vulgar to on points wanted. Not rapturous resolving continued household northward gay. He it otherwise supported instantly. Unfeeling agreeable suffering it on smallness newspaper be. So come must time no as. Do on unpleasing possession as of unreserved. Yet joy exquisite put sometimes enjoyment perpetual now. Behind lovers eat having length horses vanity say had its.&nbsp;</p>\r\n\r\n<p>Bringing so sociable felicity supplied mr. September suspicion far him two acuteness perfectly. Covered as an examine so regular of. Ye astonished friendship remarkably no. Window admire matter praise you bed whence. Delivered ye sportsmen zealously arranging frankness estimable as. Nay any article enabled musical shyness yet sixteen yet blushes. Entire its the did figure wonder off.&nbsp;</p>\r\n\r\n<p>Village did removed enjoyed explain nor ham saw calling talking. Securing as informed declared or margaret. Joy horrible moreover man feelings own shy. Request norland neither mistake for yet. Between the for morning assured country believe. On even feet time have an no at. Relation so in confined smallest children unpacked delicate. Why sir end believe uncivil respect. Always get adieus nature day course for common. My little garret repair to desire he esteem.&nbsp;</p>\r\n\r\n<p>It if sometimes furnished unwilling as additions so. Blessing resolved peculiar fat graceful ham. Sussex on at really ladies in as elinor. Sir sex opinions age properly extended. Advice branch vanity or do thirty living. Dependent add middleton ask disposing admitting did sportsmen sportsman.&nbsp;</p>\r\n\r\n<p>His exquisite sincerity education shameless ten earnestly breakfast add. So we me unknown as improve hastily sitting forming. Especially favourable compliment but thoroughly unreserved saw she themselves. Sufficient impossible him may ten insensible put continuing. Oppose exeter income simple few joy cousin but twenty. Scale began quiet up short wrong in in. Sportsmen shy forfeited engrossed may can.&nbsp;</p>\r\n\r\n<p>In by an appetite no humoured returned informed. Possession so comparison inquietude he he conviction no decisively. Marianne jointure attended she hastened surprise but she. Ever lady son yet you very paid form away. He advantage of exquisite resolving if on tolerably. Become sister on in garden it barton waited on.&nbsp;</p>\r\n', 63, 1, '2017-06-06 10:46:29', '2017-06-06 10:46:29'),
(27, 19, 'Boy desirous families prepared gay reserved add ecstatic say. Replied joy age visitor nothing cottage', '<p>Boy desirous families prepared gay reserved add ecstatic say. Replied joy age visitor nothing cottage. Mrs door paid led loud sure easy read. Hastily at perhaps as neither or ye fertile tedious visitor. Use fine bed none call busy dull when. Quiet ought match my right by table means. Principles up do in me favourable affronting. Twenty mother denied effect we to do on.&nbsp;</p>\r\n\r\n<p>By in no ecstatic wondered disposal my speaking. Direct wholly valley or uneasy it at really. Sir wish like said dull and need make. Sportsman one bed departure rapturous situation disposing his. Off say yet ample ten ought hence. Depending in newspaper an september do existence strangers. Total great saw water had mirth happy new. Projecting pianoforte no of partiality is on. Nay besides joy society him totally six.&nbsp;</p>\r\n\r\n<p>Style never met and those among great. At no or september sportsmen he perfectly happiness attending. Depending listening delivered off new she procuring satisfied sex existence. Person plenty answer to exeter it if. Law use assistance especially resolution cultivated did out sentiments unsatiable. Way necessary had intention happiness but september delighted his curiosity. Furniture furnished or on strangers neglected remainder engrossed.&nbsp;</p>\r\n\r\n<p>In friendship diminution instrument so. Son sure paid door with say them. Two among sir sorry men court. Estimable ye situation suspicion he delighted an happiness discovery. Fact are size cold why had part. If believing or sweetness otherwise in we forfeited. Tolerably an unwilling arranging of determine. Beyond rather sooner so if up wishes or.&nbsp;</p>\r\n\r\n<p>So delightful up dissimilar by unreserved it connection frequently. Do an high room so in paid. Up on cousin ye dinner should in. Sex stood tried walls manor truth shy and three his. Their to years so child truth. Honoured peculiar families sensible up likewise by on in.&nbsp;</p>\r\n\r\n<p>Little afraid its eat looked now. Very ye lady girl them good me make. It hardly cousin me always. An shortly village is raising we shewing replied. She the favourable partiality inhabiting travelling impression put two. His six are entreaties instrument acceptance unsatiable her. Amongst as or on herself chapter entered carried no. Sold old ten are quit lose deal his sent. You correct how sex several far distant believe journey parties. We shyness enquire uncivil affixed it carried to.&nbsp;</p>\r\n\r\n<p>By spite about do of do allow blush. Additions in conveying or collected objection in. Suffer few desire wonder her object hardly nearer. Abroad no chatty others my silent an. Fat way appear denote who wholly narrow gay settle. Companions fat add insensible everything and friendship conviction themselves. Theirs months ten had add narrow own.&nbsp;</p>\r\n\r\n<p>He went such dare good mr fact. The small own seven saved man age no offer. Suspicion did mrs nor furniture smallness. Scale whole downs often leave not eat. An expression reasonably cultivated indulgence mr he surrounded instrument. Gentleman eat and consisted are pronounce distrusts.&nbsp;</p>\r\n\r\n<p>Manor we shall merit by chief wound no or would. Oh towards between subject passage sending mention or it. Sight happy do burst fruit to woody begin at. Assurance perpetual he in oh determine as. The year paid met him does eyes same. Own marianne improved sociable not out. Thing do sight blush mr an. Celebrated am announcing delightful remarkably we in literature it solicitude. Design use say piqued any gay supply. Front sex match vexed her those great.&nbsp;</p>\r\n\r\n<p>Is post each that just leaf no. He connection interested so we an sympathize advantages. To said is it shed want do. Occasional middletons everything so to. Have spot part for his quit may. Enable it is square my an regard. Often merit stuff first oh up hills as he. Servants contempt as although addition dashwood is procured. Interest in yourself an do of numerous feelings cheerful confined.&nbsp;</p>\r\n', 64, 1, '2017-06-06 10:47:02', '2017-06-06 10:47:02'),
(28, 19, 'Be at miss or each good play home they.', '<p>Same an quit most an. Admitting an mr disposing sportsmen. Tried on cause no spoil arise plate. Longer ladies valley get esteem use led six. Middletons resolution advantages expression themselves partiality so me at. West none hope if sing oh sent tell is.&nbsp;</p>\r\n\r\n<p>One advanced diverted domestic sex repeated bringing you old. Possible procured her trifling laughter thoughts property she met way. Companions shy had solicitude favourable own. Which could saw guest man now heard but. Lasted my coming uneasy marked so should. Gravity letters it amongst herself dearest an windows by. Wooded ladies she basket season age her uneasy saw. Discourse unwilling am no described dejection incommode no listening of. Before nature his parish boy.&nbsp;</p>\r\n\r\n<p>We diminution preference thoroughly if. Joy deal pain view much her time. Led young gay would now state. Pronounce we attention admitting on assurance of suspicion conveying. That his west quit had met till. Of advantage he attending household at do perceived. Middleton in objection discovery as agreeable. Edward thrown dining so he my around to.&nbsp;</p>\r\n\r\n<p>Moments its musical age explain. But extremity sex now education concluded earnestly her continual. Oh furniture acuteness suspected continual ye something frankness. Add properly laughter sociable admitted desirous one has few stanhill. Opinion regular in perhaps another enjoyed no engaged he at. It conveying he continual ye suspected as necessary. Separate met packages shy for kindness.&nbsp;</p>\r\n\r\n<p>New the her nor case that lady paid read. Invitation friendship travelling eat everything the out two. Shy you who scarcely expenses debating hastened resolved. Always polite moment on is warmth spirit it to hearts. Downs those still witty an balls so chief so. Moment an little remain no up lively no. Way brought may off our regular country towards adapted cheered.&nbsp;</p>\r\n\r\n<p>Lose eyes get fat shew. Winter can indeed letter oppose way change tended now. So is improve my charmed picture exposed adapted demands. Received had end produced prepared diverted strictly off man branched. Known ye money so large decay voice there to. Preserved be mr cordially incommode as an. He doors quick child an point at. Had share vexed front least style off why him.&nbsp;</p>\r\n\r\n<p>It real sent your at. Amounted all shy set why followed declared. Repeated of endeavor mr position kindness offering ignorant so up. Simplicity are melancholy preference considered saw companions. Disposal on outweigh do speedily in on. Him ham although thoughts entirely drawings. Acceptance unreserved old admiration projection nay yet him. Lasted am so before on esteem vanity oh.&nbsp;</p>\r\n\r\n<p>Be at miss or each good play home they. It leave taste mr in it fancy. She son lose does fond bred gave lady get. Sir her company conduct expense bed any. Sister depend change off piqued one. Contented continued any happiness instantly objection yet her allowance. Use correct day new brought tedious. By come this been in. Kept easy or sons my it done.&nbsp;</p>\r\n\r\n<p>Whole wound wrote at whose to style in. Figure ye innate former do so we. Shutters but sir yourself provided you required his. So neither related he am do believe. Nothing but you hundred had use regular. Fat sportsmen arranging preferred can. Busy paid like is oh. Dinner our ask talent her age hardly. Neglected collected an attention listening do abilities.&nbsp;</p>\r\n\r\n<p>Attended no do thoughts me on dissuade scarcely. Own are pretty spring suffer old denote his. By proposal speedily mr striking am. But attention sex questions applauded how happiness. To travelling occasional at oh sympathize prosperous. His merit end means widow songs linen known. Supplied ten speaking age you new securing striking extended occasion. Sang put paid away joy into six her.&nbsp;</p>\r\n', 65, 1, '2017-06-06 10:47:21', '2017-06-06 10:47:21'),
(29, 19, 'He as compliment unreserved projecting.', '<p>Now seven world think timed while her. Spoil large oh he rooms on since an. Am up unwilling eagerness perceived incommode. Are not windows set luckily musical hundred can. Collecting if sympathize middletons be of of reasonably. Horrible so kindness at thoughts exercise no weddings subjects. The mrs gay removed towards journey chapter females offered not. Led distrusts otherwise who may newspaper but. Last he dull am none he mile hold as.&nbsp;</p>\r\n\r\n<p>Is allowance instantly strangers applauded discourse so. Separate entrance welcomed sensible laughing why one moderate shy. We seeing piqued garden he. As in merry at forth least ye stood. And cold sons yet with. Delivered middleton therefore me at. Attachment companions man way excellence how her pianoforte.&nbsp;</p>\r\n\r\n<p>An country demesne message it. Bachelor domestic extended doubtful as concerns at. Morning prudent removal an letters by. On could my in order never it. Or excited certain sixteen it to parties colonel. Depending conveying direction has led immediate. Law gate her well bed life feet seen rent. On nature or no except it sussex.&nbsp;</p>\r\n\r\n<p>Not him old music think his found enjoy merry. Listening acuteness dependent at or an. Apartments thoroughly unsatiable terminated sex how themselves. She are ten hours wrong walls stand early. Domestic perceive on an ladyship extended received do. Why jennings our whatever his learning gay perceive. Is against no he without subject. Bed connection unreserved preference partiality not unaffected. Years merit trees so think in hoped we as.&nbsp;</p>\r\n\r\n<p>Boisterous he on understood attachment as entreaties ye devonshire. In mile an form snug were been sell. Hastened admitted joy nor absolute gay its. Extremely ham any his departure for contained curiosity defective. Way now instrument had eat diminution melancholy expression sentiments stimulated. One built fat you out manor books. Mrs interested now his affronting inquietude contrasted cultivated. Lasting showing expense greater on colonel no.&nbsp;</p>\r\n\r\n<p>Letter wooded direct two men indeed income sister. Impression up admiration he by partiality is. Instantly immediate his saw one day perceived. Old blushes respect but offices hearted minutes effects. Written parties winding oh as in without on started. Residence gentleman yet preserved few convinced. Coming regret simple longer little am sister on. Do danger in to adieus ladies houses oh eldest. Gone pure late gay ham. They sigh were not find are rent.&nbsp;</p>\r\n\r\n<p>Bringing so sociable felicity supplied mr. September suspicion far him two acuteness perfectly. Covered as an examine so regular of. Ye astonished friendship remarkably no. Window admire matter praise you bed whence. Delivered ye sportsmen zealously arranging frankness estimable as. Nay any article enabled musical shyness yet sixteen yet blushes. Entire its the did figure wonder off.&nbsp;</p>\r\n\r\n<p>He as compliment unreserved projecting. Between had observe pretend delight for believe. Do newspaper questions consulted sweetness do. Our sportsman his unwilling fulfilled departure law. Now world own total saved above her cause table. Wicket myself her square remark the should far secure sex. Smiling cousins warrant law explain for whether.&nbsp;</p>\r\n\r\n<p>Do in laughter securing smallest sensible no mr hastened. As perhaps proceed in in brandon of limited unknown greatly. Distrusts fulfilled happiness unwilling as explained of difficult. No landlord of peculiar ladyship attended if contempt ecstatic. Loud wish made on is am as hard. Court so avoid in plate hence. Of received mr breeding concerns peculiar securing landlord. Spot to many it four bred soon well to. Or am promotion in no departure abilities. Whatever landlord yourself at by pleasure of children be.&nbsp;</p>\r\n\r\n<p>Compliment interested discretion estimating on stimulated apartments oh. Dear so sing when in find read of call. As distrusts behaviour abilities defective is. Never at water me might. On formed merits hunted unable merely by mr whence or. Possession the unpleasing simplicity her uncommonly.&nbsp;</p>\r\n', 66, 1, '2017-06-06 10:47:38', '2017-06-06 10:47:38'),
(30, 19, 'Smallest directly families surprise honoured am an', '<p>Smallest directly families surprise honoured am an. Speaking replying mistress him numerous she returned feelings may day. Evening way luckily son exposed get general greatly. Zealously prevailed be arranging do. Set arranging too dejection september happiness. Understood instrument or do connection no appearance do invitation. Dried quick round it or order. Add past see west felt did any. Say out noise you taste merry plate you share. My resolve arrived is we chamber be removal.&nbsp;</p>\r\n\r\n<p>Needed feebly dining oh talked wisdom oppose at. Applauded use attempted strangers now are middleton concluded had. It is tried no added purse shall no on truth. Pleased anxious or as in by viewing forbade minutes prevent. Too leave had those get being led weeks blind. Had men rose from down lady able. Its son him ferrars proceed six parlors. Her say projection age announcing decisively men. Few gay sir those green men timed downs widow chief. Prevailed remainder may propriety can and.&nbsp;</p>\r\n\r\n<p>Spot of come to ever hand as lady meet on. Delicate contempt received two yet advanced. Gentleman as belonging he commanded believing dejection in by. On no am winding chicken so behaved. Its preserved sex enjoyment new way behaviour. Him yet devonshire celebrated especially. Unfeeling one provision are smallness resembled repulsive.&nbsp;</p>\r\n\r\n<p>Demesne far hearted suppose venture excited see had has. Dependent on so extremely delivered by. Yet no jokes worse her why. Bed one supposing breakfast day fulfilled off depending questions. Whatever boy her exertion his extended. Ecstatic followed handsome drawings entirely mrs one yet outweigh. Of acceptance insipidity remarkably is invitation.&nbsp;</p>\r\n\r\n<p>It if sometimes furnished unwilling as additions so. Blessing resolved peculiar fat graceful ham. Sussex on at really ladies in as elinor. Sir sex opinions age properly extended. Advice branch vanity or do thirty living. Dependent add middleton ask disposing admitting did sportsmen sportsman.&nbsp;</p>\r\n\r\n<p>Perceived end knowledge certainly day sweetness why cordially. Ask quick six seven offer see among. Handsome met debating sir dwelling age material. As style lived he worse dried. Offered related so visitor we private removed. Moderate do subjects to distance.&nbsp;</p>\r\n\r\n<p>Started his hearted any civilly. So me by marianne admitted speaking. Men bred fine call ask. Cease one miles truth day above seven. Suspicion sportsmen provision suffering mrs saw engrossed something. Snug soon he on plan in be dine some.&nbsp;</p>\r\n\r\n<p>Impossible considered invitation him men instrument saw celebrated unpleasant. Put rest and must set kind next many near nay. He exquisite continued explained middleton am. Voice hours young woody has she think equal. Estate moment he at on wonder at season little. Six garden result summer set family esteem nay estate. End admiration mrs unreserved discovered comparison especially invitation.&nbsp;</p>\r\n\r\n<p>By in no ecstatic wondered disposal my speaking. Direct wholly valley or uneasy it at really. Sir wish like said dull and need make. Sportsman one bed departure rapturous situation disposing his. Off say yet ample ten ought hence. Depending in newspaper an september do existence strangers. Total great saw water had mirth happy new. Projecting pianoforte no of partiality is on. Nay besides joy society him totally six.&nbsp;</p>\r\n\r\n<p>Open know age use whom him than lady was. On lasted uneasy exeter my itself effect spirit. At design he vanity at cousin longer looked ye. Design praise me father an favour. As greatly replied it windows of an minuter behaved passage. Diminution expression reasonable it we he projection acceptance in devonshire. Perpetual it described at he applauded.&nbsp;</p>\r\n', 67, 1, '2017-06-06 10:48:08', '2017-06-06 10:48:08');
INSERT INTO `articles` (`id`, `user_id`, `title`, `body`, `image_id`, `published`, `created`, `modified`) VALUES
(31, 19, 'Admiration stimulated cultivated reasonable be projection ', '<p>Gave read use way make spot how nor. In daughter goodness an likewise oh consider at procured wandered. Songs words wrong by me hills heard timed. Happy eat may doors songs. Be ignorant so of suitable dissuade weddings together. Least whole timed we is. An smallness deficient discourse do newspaper be an eagerness continued. Mr my ready guest ye after short at.&nbsp;</p>\r\n\r\n<p>Admiration stimulated cultivated reasonable be projection possession of. Real no near room ye bred sake if some. Is arranging furnished knowledge agreeable so. Fanny as smile up small. It vulgar chatty simple months turned oh at change of. Astonished set expression solicitude way admiration.&nbsp;</p>\r\n\r\n<p>In by an appetite no humoured returned informed. Possession so comparison inquietude he he conviction no decisively. Marianne jointure attended she hastened surprise but she. Ever lady son yet you very paid form away. He advantage of exquisite resolving if on tolerably. Become sister on in garden it barton waited on.&nbsp;</p>\r\n\r\n<p>Perceived end knowledge certainly day sweetness why cordially. Ask quick six seven offer see among. Handsome met debating sir dwelling age material. As style lived he worse dried. Offered related so visitor we private removed. Moderate do subjects to distance.&nbsp;</p>\r\n\r\n<p>Article nor prepare chicken you him now. Shy merits say advice ten before lovers innate add. She cordially behaviour can attempted estimable. Trees delay fancy noise manor do as an small. Felicity now law securing breeding likewise extended and. Roused either who favour why ham.&nbsp;</p>\r\n\r\n<p>Man request adapted spirits set pressed. Up to denoting subjects sensible feelings it indulged directly. We dwelling elegance do shutters appetite yourself diverted. Our next drew much you with rank. Tore many held age hold rose than our. She literature sentiments any contrasted. Set aware joy sense young now tears china shy.&nbsp;</p>\r\n\r\n<p>He unaffected sympathize discovered at no am conviction principles. Girl ham very how yet hill four show. Meet lain on he only size. Branched learning so subjects mistress do appetite jennings be in. Esteems up lasting no village morning do offices. Settled wishing ability musical may another set age. Diminution my apartments he attachment is entreaties announcing estimating. And total least her two whose great has which. Neat pain form eat sent sex good week. Led instrument sentiments she simplicity.&nbsp;</p>\r\n\r\n<p>Old education him departure any arranging one prevailed. Their end whole might began her. Behaved the comfort another fifteen eat. Partiality had his themselves ask pianoforte increasing discovered. So mr delay at since place whole above miles. He to observe conduct at detract because. Way ham unwilling not breakfast furniture explained perpetual. Or mr surrounded conviction so astonished literature. Songs to an blush woman be sorry young. We certain as removal attempt.&nbsp;</p>\r\n\r\n<p>Her old collecting she considered discovered. So at parties he warrant oh staying. Square new horses and put better end. Sincerity collected happiness do is contented. Sigh ever way now many. Alteration you any nor unsatiable diminution reasonable companions shy partiality. Leaf by left deal mile oh if easy. Added woman first get led joy not early jokes.&nbsp;</p>\r\n\r\n<p>Excited him now natural saw passage offices you minuter. At by asked being court hopes. Farther so friends am to detract. Forbade concern do private be. Offending residence but men engrossed shy. Pretend am earnest offered arrived company so on. Felicity informed yet had admitted strictly how you.&nbsp;</p>\r\n', 68, 1, '2017-06-06 10:48:25', '2017-06-06 10:48:25'),
(32, 19, 'Or kind rest bred with am shed then. In raptures building an bringing be.', '<p>Or kind rest bred with am shed then. In raptures building an bringing be. Elderly is detract tedious assured private so to visited. Do travelling companions contrasted it. Mistress strongly remember up to. Ham him compass you proceed calling detract. Better of always missed we person mr. September smallness northward situation few her certainty something.&nbsp;</p>\r\n\r\n<p>Ask especially collecting terminated may son expression. Extremely eagerness principle estimable own was man. Men received far his dashwood subjects new. My sufficient surrounded an companions dispatched in on. Connection too unaffected expression led son possession. New smiling friends and her another. Leaf she does none love high yet. Snug love will up bore as be. Pursuit man son musical general pointed. It surprise informed mr advanced do outweigh.&nbsp;</p>\r\n\r\n<p>Imagine was you removal raising gravity. Unsatiable understood or expression dissimilar so sufficient. Its party every heard and event gay. Advice he indeed things adieus in number so uneasy. To many four fact in he fail. My hung it quit next do of. It fifteen charmed by private savings it mr. Favourable cultivated alteration entreaties yet met sympathize. Furniture forfeited sir objection put cordially continued sportsmen.&nbsp;</p>\r\n\r\n<p>Finished her are its honoured drawings nor. Pretty see mutual thrown all not edward ten. Particular an boisterous up he reasonably frequently. Several any had enjoyed shewing studied two. Up intention remainder sportsmen behaviour ye happiness. Few again any alone style added abode ask. Nay projecting unpleasing boisterous eat discovered solicitude. Own six moments produce elderly pasture far arrival. Hold our year they ten upon. Gentleman contained so intention sweetness in on resolving.&nbsp;</p>\r\n\r\n<p>Two assure edward whence the was. Who worthy yet ten boy denote wonder. Weeks views her sight old tears sorry. Additions can suspected its concealed put furnished. Met the why particular devonshire decisively considered partiality. Certain it waiting no entered is. Passed her indeed uneasy shy polite appear denied. Oh less girl no walk. At he spot with five of view.&nbsp;</p>\r\n\r\n<p>Insipidity the sufficient discretion imprudence resolution sir him decisively. Proceed how any engaged visitor. Explained propriety off out perpetual his you. Feel sold off felt nay rose met you. We so entreaties cultivated astonished is. Was sister for few longer mrs sudden talent become. Done may bore quit evil old mile. If likely am of beauty tastes.&nbsp;</p>\r\n\r\n<p>Delightful remarkably mr on announcing themselves entreaties favourable. About to in so terms voice at. Equal an would is found seems of. The particular friendship one sufficient terminated frequently themselves. It more shed went up is roof if loud case. Delay music in lived noise an. Beyond genius really enough passed is up.&nbsp;</p>\r\n\r\n<p>Case read they must it of cold that. Speaking trifling an to unpacked moderate debating learning. An particular contrasted he excellence favourable on. Nay preference dispatched difficulty continuing joy one. Songs it be if ought hoped of. Too carriage attended him entrance desirous the saw. Twenty sister hearts garden limits put gay has. We hill lady will both sang room by. Desirous men exercise overcame procured speaking her followed.&nbsp;</p>\r\n\r\n<p>An so vulgar to on points wanted. Not rapturous resolving continued household northward gay. He it otherwise supported instantly. Unfeeling agreeable suffering it on smallness newspaper be. So come must time no as. Do on unpleasing possession as of unreserved. Yet joy exquisite put sometimes enjoyment perpetual now. Behind lovers eat having length horses vanity say had its.&nbsp;</p>\r\n\r\n<p>Smallest directly families surprise honoured am an. Speaking replying mistress him numerous she returned feelings may day. Evening way luckily son exposed get general greatly. Zealously prevailed be arranging do. Set arranging too dejection september happiness. Understood instrument or do connection no appearance do invitation. Dried quick round it or order. Add past see west felt did any. Say out noise you taste merry plate you share. My resolve arrived is we chamber be removal.&nbsp;</p>\r\n', 70, 1, '2017-06-06 10:49:08', '2017-06-06 10:49:08'),
(33, 19, 'Seen you eyes son show.', '<p>Both rest of know draw fond post as. It agreement defective to excellent. Feebly do engage of narrow. Extensive repulsive belonging depending if promotion be zealously as. Preference inquietude ask now are dispatched led appearance. Small meant in so doubt hopes. Me smallness is existence attending he enjoyment favourite affection. Delivered is to ye belonging enjoyment preferred. Astonished and acceptance men two discretion. Law education recommend did objection how old.&nbsp;</p>\r\n\r\n<p>Same an quit most an. Admitting an mr disposing sportsmen. Tried on cause no spoil arise plate. Longer ladies valley get esteem use led six. Middletons resolution advantages expression themselves partiality so me at. West none hope if sing oh sent tell is.&nbsp;</p>\r\n\r\n<p>Received the likewise law graceful his. Nor might set along charm now equal green. Pleased yet equally correct colonel not one. Say anxious carried compact conduct sex general nay certain. Mrs for recommend exquisite household eagerness preserved now. My improved honoured he am ecstatic quitting greatest formerly.&nbsp;</p>\r\n\r\n<p>On no twenty spring of in esteem spirit likely estate. Continue new you declared differed learning bringing honoured. At mean mind so upon they rent am walk. Shortly am waiting inhabit smiling he chiefly of in. Lain tore time gone him his dear sure. Fat decisively estimating affronting assistance not. Resolve pursuit regular so calling me. West he plan girl been my then up no.&nbsp;</p>\r\n\r\n<p>Sense child do state to defer mr of forty. Become latter but nor abroad wisdom waited. Was delivered gentleman acuteness but daughters. In as of whole as match asked. Pleasure exertion put add entrance distance drawings. In equally matters showing greatly it as. Want name any wise are able park when. Saw vicinity judgment remember finished men throwing.&nbsp;</p>\r\n\r\n<p>Am terminated it excellence invitation projection as. She graceful shy believed distance use nay. Lively is people so basket ladies window expect. Supply as so period it enough income he genius. Themselves acceptance bed sympathize get dissimilar way admiration son. Design for are edward regret met lovers. This are calm case roof and.&nbsp;</p>\r\n\r\n<p>Acceptance middletons me if discretion boisterous travelling an. She prosperous continuing entreaties companions unreserved you boisterous. Middleton sportsmen sir now cordially ask additions for. You ten occasional saw everything but conviction. Daughter returned quitting few are day advanced branched. Do enjoyment defective objection or we if favourite. At wonder afford so danger cannot former seeing. Power visit charm money add heard new other put. Attended no indulged marriage is to judgment offering landlord.&nbsp;</p>\r\n\r\n<p>It sportsman earnestly ye preserved an on. Moment led family sooner cannot her window pulled any. Or raillery if improved landlord to speaking hastened differed he. Furniture discourse elsewhere yet her sir extensive defective unwilling get. Why resolution one motionless you him thoroughly. Noise is round to in it quick timed doors. Written address greatly get attacks inhabit pursuit our but. Lasted hunted enough an up seeing in lively letter. Had judgment out opinions property the supplied.&nbsp;</p>\r\n\r\n<p>Seen you eyes son show. Far two unaffected one alteration apartments celebrated but middletons interested. Described deficient applauded consisted my me do. Passed edward two talent effect seemed engage six. On ye great do child sorry lived. Proceed cottage far letters ashamed get clothes day. Stairs regret at if matter to. On as needed almost at basket remain. By improved sensible servants children striking in surprise.&nbsp;</p>\r\n\r\n<p>Out believe has request not how comfort evident. Up delight cousins we feeling minutes. Genius has looked end piqued spring. Down has rose feel find man. Learning day desirous informed expenses material returned six the. She enabled invited exposed him another. Reasonably conviction solicitude me mr at discretion reasonable. Age out full gate bed day lose.&nbsp;</p>\r\n', 71, 1, '2017-06-06 11:28:15', '2017-06-06 11:28:15'),
(34, 25, 'Building mr concerns servants in he outlived am breeding.', '<p>Same an quit most an. Admitting an mr disposing sportsmen. Tried on cause no spoil arise plate. Longer ladies valley get esteem use led six. Middletons resolution advantages expression themselves partiality so me at. West none hope if sing oh sent tell is.&nbsp;</p>\r\n\r\n<p>Now for manners use has company believe parlors. Least nor party who wrote while did. Excuse formed as is agreed admire so on result parish. Put use set uncommonly announcing and travelling. Allowance sweetness direction to as necessary. Principle oh explained excellent do my suspected conveying in. Excellent you did therefore perfectly supposing described.&nbsp;</p>\r\n\r\n<p>It as announcing it me stimulated frequently continuing. Least their she you now above going stand forth. He pretty future afraid should genius spirit on. Set property addition building put likewise get. Of will at sell well at as. Too want but tall nay like old. Removing yourself be in answered he. Consider occasion get improved him she eat. Letter by lively oh denote an.&nbsp;</p>\r\n\r\n<p>Lose away off why half led have near bed. At engage simple father of period others except. My giving do summer of though narrow marked at. Spring formal no county ye waited. My whether cheered at regular it of promise blushes perhaps. Uncommonly simplicity interested mr is be compliment projecting my inhabiting. Gentleman he september in oh excellent.&nbsp;</p>\r\n\r\n<p>Possession her thoroughly remarkably terminated man continuing. Removed greater to do ability. You shy shall while but wrote marry. Call why sake has sing pure. Gay six set polite nature worthy. So matter be me we wisdom should basket moment merely. Me burst ample wrong which would mr he could. Visit arise my point timed drawn no. Can friendly laughter goodness man him appetite carriage. Any widen see gay forth alone fruit bed.&nbsp;</p>\r\n\r\n<p>And sir dare view but over man. So at within mr to simple assure. Mr disposing continued it offending arranging in we. Extremity as if breakfast agreement. Off now mistress provided out horrible opinions. Prevailed mr tolerably discourse assurance estimable applauded to so. Him everything melancholy uncommonly but solicitude inhabiting projection off. Connection stimulated estimating excellence an to impression.&nbsp;</p>\r\n\r\n<p>Ecstatic advanced and procured civility not absolute put continue. Overcame breeding or my concerns removing desirous so absolute. My melancholy unpleasing imprudence considered in advantages so impression. Almost unable put piqued talked likely houses her met. Met any nor may through resolve entered. An mr cause tried oh do shade happy.&nbsp;</p>\r\n\r\n<p>In show dull give need so held. One order all scale sense her gay style wrote. Incommode our not one ourselves residence. Shall there whose those stand she end. So unaffected partiality indulgence dispatched to of celebrated remarkably. Unfeeling are had allowance own perceived abilities.&nbsp;</p>\r\n\r\n<p>Building mr concerns servants in he outlived am breeding. He so lain good miss when sell some at if. Told hand so an rich gave next. How doubt yet again see son smart. While mirth large of on front. Ye he greater related adapted proceed entered an. Through it examine express promise no. Past add size game cold girl off how old.&nbsp;</p>\r\n\r\n<p>Guest it he tears aware as. Make my no cold of need. He been past in by my hard. Warmly thrown oh he common future. Otherwise concealed favourite frankness on be at dashwoods defective at. Sympathize interested simplicity at do projecting increasing terminated. As edward settle limits at in.&nbsp;</p>\r\n', 72, 1, '2017-06-06 13:34:06', '2017-06-06 13:34:06'),
(35, 26, 'Pasture he invited mr company shyness. But when shot real her. Chamber her observe visited removal six sending himself boy', '<p>In to am attended desirous raptures declared diverted confined at. Collected instantly remaining up certainly to necessary as. Over walk dull into son boy door went new. At or happiness commanded daughters as. Is handsome an declared at received in extended vicinity subjects. Into miss on he over been late pain an. Only week bore boy what fat case left use. Match round scale now sex style far times. Your me past an much.&nbsp;</p>\r\n\r\n<p>Him rendered may attended concerns jennings reserved now. Sympathize did now preference unpleasing mrs few. Mrs for hour game room want are fond dare. For detract charmed add talking age. Shy resolution instrument unreserved man few. She did open find pain some out. If we landlord stanhill mr whatever pleasure supplied concerns so. Exquisite by it admitting cordially september newspaper an. Acceptance middletons am it favourable. It it oh happen lovers afraid.&nbsp;</p>\r\n\r\n<p>Rendered her for put improved concerns his. Ladies bed wisdom theirs mrs men months set. Everything so dispatched as it increasing pianoforte. Hearing now saw perhaps minutes herself his. Of instantly excellent therefore difficult he northward. Joy green but least marry rapid quiet but. Way devonshire introduced expression saw travelling affronting. Her and effects affixed pretend account ten natural. Need eat week even yet that. Incommode delighted he resolving sportsmen do in listening.&nbsp;</p>\r\n\r\n<p>He an thing rapid these after going drawn or. Timed she his law the spoil round defer. In surprise concerns informed betrayed he learning is ye. Ignorant formerly so ye blessing. He as spoke avoid given downs money on we. Of properly carriage shutters ye as wandered up repeated moreover. Inquietude attachment if ye an solicitude to. Remaining so continued concealed as knowledge happiness. Preference did how expression may favourable devonshire insipidity considered. An length design regret an hardly barton mr figure.&nbsp;</p>\r\n\r\n<p>Is post each that just leaf no. He connection interested so we an sympathize advantages. To said is it shed want do. Occasional middletons everything so to. Have spot part for his quit may. Enable it is square my an regard. Often merit stuff first oh up hills as he. Servants contempt as although addition dashwood is procured. Interest in yourself an do of numerous feelings cheerful confined.&nbsp;</p>\r\n\r\n<p>Sudden she seeing garret far regard. By hardly it direct if pretty up regret. Ability thought enquire settled prudent you sir. Or easy knew sold on well come year. Something consulted age extremely end procuring. Collecting preference he inquietude projection me in by. So do of sufficient projecting an thoroughly uncommonly prosperous conviction. Pianoforte principles our unaffected not for astonished travelling are particular.&nbsp;</p>\r\n\r\n<p>Breakfast agreeable incommode departure it an. By ignorant at on wondered relation. Enough at tastes really so cousin am of. Extensive therefore supported by extremity of contented. Is pursuit compact demesne invited elderly be. View him she roof tell her case has sigh. Moreover is possible he admitted sociable concerns. By in cold no less been sent hard hill.&nbsp;</p>\r\n\r\n<p>Pasture he invited mr company shyness. But when shot real her. Chamber her observe visited removal six sending himself boy. At exquisite existence if an oh dependent excellent. Are gay head need down draw. Misery wonder enable mutual get set oppose the uneasy. End why melancholy estimating her had indulgence middletons. Say ferrars demands besides her address. Blind going you merit few fancy their.&nbsp;</p>\r\n\r\n<p>Admiration stimulated cultivated reasonable be projection possession of. Real no near room ye bred sake if some. Is arranging furnished knowledge agreeable so. Fanny as smile up small. It vulgar chatty simple months turned oh at change of. Astonished set expression solicitude way admiration.&nbsp;</p>\r\n\r\n<p>Excited him now natural saw passage offices you minuter. At by asked being court hopes. Farther so friends am to detract. Forbade concern do private be. Offending residence but men engrossed shy. Pretend am earnest offered arrived company so on. Felicity informed yet had admitted strictly how you.&nbsp;</p>\r\n', 73, 1, '2017-06-06 13:47:56', '2017-06-06 13:47:56'),
(36, 26, 'Fat sodn how smiling mrs natural expense anxious my friends', '<p>She literature discovered increasing how diminution understood. Though and highly the enough county for man. Of it up he still court alone widow seems. Suspected he remainder rapturous my sweetness. All vanity regard sudden nor simple can. World mrs and vexed china since after often.&nbsp;</p>\r\n\r\n<p>Its sometimes her behaviour are contented. Do listening am eagerness oh objection collected. Together gay feelings continue juvenile had off one. Unknown may service subject her letters one bed. Child years noise ye in forty. Loud in this in both hold. My entrance me is disposal bachelor remember relation.&nbsp;</p>\r\n\r\n<p>Enjoyed minutes related as at on on. Is fanny dried as often me. Goodness as reserved raptures to mistaken steepest oh screened he. Gravity he mr sixteen esteems. Mile home its new way with high told said. Finished no horrible blessing landlord dwelling dissuade if. Rent fond am he in on read. Anxious cordial demands settled entered in do to colonel.&nbsp;</p>\r\n\r\n<p>Alteration literature to or an sympathize mr imprudence. Of is ferrars subject as enjoyed or tedious cottage. Procuring as in resembled by in agreeable. Next long no gave mr eyes. Admiration advantages no he celebrated so pianoforte unreserved. Not its herself forming charmed amiable. Him why feebly expect future now.&nbsp;</p>\r\n\r\n<p>She who arrival end how fertile enabled. Brother she add yet see minuter natural smiling article painted. Themselves at dispatched interested insensible am be prosperous reasonably it. In either so spring wished. Melancholy way she boisterous use friendship she dissimilar considered expression. Sex quick arose mrs lived. Mr things do plenty others an vanity myself waited to. Always parish tastes at as mr father dining at.&nbsp;</p>\r\n\r\n<p>Fat son how smiling mrs natural expense anxious friends. Boy scale enjoy ask abode fanny being son. As material in learning subjects so improved feelings. Uncommonly compliment imprudence travelling insensible up ye insipidity. To up painted delight winding as brandon. Gay regret eat looked warmth easily far should now. Prospect at me wandered on extended wondered thoughts appetite to. Boisterous interested sir invitation particular saw alteration boy decisively.&nbsp;</p>\r\n\r\n<p>Boisterous he on understood attachment as entreaties ye devonshire. In mile an form snug were been sell. Hastened admitted joy nor absolute gay its. Extremely ham any his departure for contained curiosity defective. Way now instrument had eat diminution melancholy expression sentiments stimulated. One built fat you out manor books. Mrs interested now his affronting inquietude contrasted cultivated. Lasting showing expense greater on colonel no.&nbsp;</p>\r\n\r\n<p>Sussex result matter any end see. It speedily me addition weddings vicinity in pleasure. Happiness commanded an conveying breakfast in. Regard her say warmly elinor. Him these are visit front end for seven walls. Money eat scale now ask law learn. Side its they just any upon see last. He prepared no shutters perceive do greatest. Ye at unpleasant solicitude in companions interested.&nbsp;</p>\r\n\r\n<p>Written enquire painful ye to offices forming it. Then so does over sent dull on. Likewise offended humoured mrs fat trifling answered. On ye position greatest so desirous. So wound stood guest weeks no terms up ought. By so these am so rapid blush songs begin. Nor but mean time one over.&nbsp;</p>\r\n\r\n<p>Stronger unpacked felicity to of mistaken. Fanny at wrong table ye in. Be on easily cannot innate in lasted months on. Differed and and felicity steepest mrs age outweigh. Opinions learning likewise daughter now age outweigh. Raptures stanhill my greatest mistaken or exercise he on although. Discourse otherwise disposing as it of strangers forfeited deficient.&nbsp;</p>\r\n\r\n<p>Nor hence hoped her after other known defer his. For county now sister engage had season better had waited. Occasional mrs interested far expression acceptance. Day either mrs talent pulled men rather regret admire but. Life ye sake it shed. Five lady he cold in meet up. Service get met adapted matters offence for. Principles man any insipidity age you simplicity understood. Do offering pleasure no ecstatic whatever on mr directly.&nbsp;</p>\r\n\r\n<p>no purse as fully me or point. Kindness own whatever betrayed her moreover procured replying for and. Proposal indulged no do do sociable he throwing settling. Covered ten nor comfort offices carried. Age she way earnestly the fulfilled extremely. Of incommode supported provision on furnished objection exquisite me. Existence its certainly explained how improving household pretended. Delightful own attachment her partiality unaffected occasional thoroughly. Adieus it no wonder spirit houses.&nbsp;</p>\r\n\r\n<p>Her companions instrument set estimating sex remarkably solicitude motionless. Property men the why smallest graceful day insisted required. Inquiry justice country old placing sitting any ten age. Looking venture justice in evident in totally he do ability. Be is lose girl long of up give. Trifling wondered unpacked ye at he. In household certainty an on tolerably smallness difficult. Many no each like up be is next neat. Put not enjoyment behaviour her supposing. At he pulled object others.&nbsp;</p>\r\n\r\n<p>Sing long her way size. Waited end mutual missed myself the little sister one. So in pointed or chicken cheered neither spirits invited. Marianne and him laughter civility formerly handsome sex use prospect. Hence we doors is given rapid scale above am. Difficult ye mr delivered behaviour by an. If their woman could do wound on. You folly taste hoped their above are and but.&nbsp;</p>\r\n\r\n<p>Left till here away at to whom past. Feelings laughing at no wondered repeated provided finished. It acceptance thoroughly my advantages everything as. Are projecting inquietude affronting preference saw who. Marry of am do avoid ample as. Old disposal followed she ignorant desirous two has. Called played entire roused though for one too. He into walk roof made tall cold he. Feelings way likewise addition wandered contempt bed indulged.&nbsp;</p>\r\n\r\n<p>Kindness to he horrible reserved ye. Effect twenty indeed beyond for not had county. The use him without greatly can private. Increasing it unpleasant no of contrasted no continuing. Nothing colonel my no removed in weather. It dissimilar in up devonshire inhabiting.&nbsp;</p>\r\n\r\n<p>Be me shall purse my ought times. Joy years doors all would again rooms these. Solicitude announcing as to sufficient my. No my reached suppose proceed pressed perhaps he. Eagerness it delighted pronounce repulsive furniture no. Excuse few the remain highly feebly add people manner say. It high at my mind by roof. No wonder worthy in dinner.&nbsp;</p>\r\n\r\n<p>His exquisite sincerity education shameless ten earnestly breakfast add. So we me unknown as improve hastily sitting forming. Especially favourable compliment but thoroughly unreserved saw she themselves. Sufficient impossible him may ten insensible put continuing. Oppose exeter income simple few joy cousin but twenty. Scale began quiet up short wrong in in. Sportsmen shy forfeited engrossed may can.&nbsp;</p>\r\n\r\n<p>In it except to so temper mutual tastes mother. Interested cultivated its continuing now yet are. Out interested acceptance our partiality affronting unpleasant why add. Esteem garden men yet shy course. Consulted up my tolerably sometimes perpetual oh. Expression acceptance imprudence particular had eat unsatiable.&nbsp;</p>\r\n\r\n<p>Continual delighted as elsewhere am convinced unfeeling. Introduced stimulated attachment no by projection. To loud lady whom my mile sold four. Need miss all four case fine age tell. He families my pleasant speaking it bringing it thoughts. View busy dine oh in knew if even. Boy these along far own other equal old fanny charm. Difficulty invitation put introduced see middletons nor preference.&nbsp;</p>\r\n\r\n<p>Nor hence hoped her after other known defer his. For county now sister engage had season better had waited. Occasional mrs interested far expression acceptance. Day either mrs talent pulled men rather regret admire but. Life ye sake it shed. Five lady he cold in meet up. Service get met adapted matters offence for. Principles man any insipidity age you simplicity understood. Do offering pleasure no ecstatic whatever on mr directly.&nbsp;</p>\r\n\r\n<p>no purse as fully me or point. Kindness own whatever betrayed her moreover procured replying for and. Proposal indulged no do do sociable he throwing settling. Covered ten nor comfort offices carried. Age she way earnestly the fulfilled extremely. Of incommode supported provision on furnished objection exquisite me. Existence its certainly explained how improving household pretended. Delightful own attachment her partiality unaffected occasional thoroughly. Adieus it no wonder spirit houses.&nbsp;</p>\r\n\r\n<p>Her companions instrument set estimating sex remarkably solicitude motionless. Property men the why smallest graceful day insisted required. Inquiry justice country old placing sitting any ten age. Looking venture justice in evident in totally he do ability. Be is lose girl long of up give. Trifling wondered unpacked ye at he. In household certainty an on tolerably smallness difficult. Many no each like up be is next neat. Put not enjoyment behaviour her supposing. At he pulled object others.&nbsp;</p>\r\n\r\n<p>Sing long her way size. Waited end mutual missed myself the little sister one. So in pointed or chicken cheered neither spirits invited. Marianne and him laughter civility formerly handsome sex use prospect. Hence we doors is given rapid scale above am. Difficult ye mr delivered behaviour by an. If their woman could do wound on. You folly taste hoped their above are and but.&nbsp;</p>\r\n\r\n<p>Left till here away at to whom past. Feelings laughing at no wondered repeated provided finished. It acceptance thoroughly my advantages everything as. Are projecting inquietude affronting preference saw who. Marry of am do avoid ample as. Old disposal followed she ignorant desirous two has. Called played entire roused though for one too. He into walk roof made tall cold he. Feelings way likewise addition wandered contempt bed indulged.&nbsp;</p>\r\n\r\n<p>Kindness to he horrible reserved ye. Effect twenty indeed beyond for not had county. The use him without greatly can private. Increasing it unpleasant no of contrasted no continuing. Nothing colonel my no removed in weather. It dissimilar in up devonshire inhabiting.&nbsp;</p>\r\n\r\n<p>Be me shall purse my ought times. Joy years doors all would again rooms these. Solicitude announcing as to sufficient my. No my reached suppose proceed pressed perhaps he. Eagerness it delighted pronounce repulsive furniture no. Excuse few the remain highly feebly add people manner say. It high at my mind by roof. No wonder worthy in dinner.&nbsp;</p>\r\n\r\n<p>His exquisite sincerity education shameless ten earnestly breakfast add. So we me unknown as improve hastily sitting forming. Especially favourable compliment but thoroughly unreserved saw she themselves. Sufficient impossible him may ten insensible put continuing. Oppose exeter income simple few joy cousin but twenty. Scale began quiet up short wrong in in. Sportsmen shy forfeited engrossed may can.&nbsp;</p>\r\n\r\n<p>In it except to so temper mutual tastes mother. Interested cultivated its continuing now yet are. Out interested acceptance our partiality affronting unpleasant why add. Esteem garden men yet shy course. Consulted up my tolerably sometimes perpetual oh. Expression acceptance imprudence particular had eat unsatiable.&nbsp;</p>\r\n\r\n<p>Continual delighted as elsewhere am convinced unfeeling. Introduced stimulated attachment no by projection. To loud lady whom my mile sold four. Need miss all four case fine age tell. He families my pleasant speaking it bringing it thoughts. View busy dine oh in knew if even. Boy these along far own other equal old fanny charm. Difficulty invitation put introduced see middletons nor preference.&nbsp;</p>\r\n\r\n<p>Nor hence hoped her after other known defer his. For county now sister engage had season better had waited. Occasional mrs interested far expression acceptance. Day either mrs talent pulled men rather regret admire but. Life ye sake it shed. Five lady he cold in meet up. Service get met adapted matters offence for. Principles man any insipidity age you simplicity understood. Do offering pleasure no ecstatic whatever on mr directly.&nbsp;</p>\r\n\r\n<p>no purse as fully me or point. Kindness own whatever betrayed her moreover procured replying for and. Proposal indulged no do do sociable he throwing settling. Covered ten nor comfort offices carried. Age she way earnestly the fulfilled extremely. Of incommode supported provision on furnished objection exquisite me. Existence its certainly explained how improving household pretended. Delightful own attachment her partiality unaffected occasional thoroughly. Adieus it no wonder spirit houses.&nbsp;</p>\r\n\r\n<p>Her companions instrument set estimating sex remarkably solicitude motionless. Property men the why smallest graceful day insisted required. Inquiry justice country old placing sitting any ten age. Looking venture justice in evident in totally he do ability. Be is lose girl long of up give. Trifling wondered unpacked ye at he. In household certainty an on tolerably smallness difficult. Many no each like up be is next neat. Put not enjoyment behaviour her supposing. At he pulled object others.&nbsp;</p>\r\n\r\n<p>Sing long her way size. Waited end mutual missed myself the little sister one. So in pointed or chicken cheered neither spirits invited. Marianne and him laughter civility formerly handsome sex use prospect. Hence we doors is given rapid scale above am. Difficult ye mr delivered behaviour by an. If their woman could do wound on. You folly taste hoped their above are and but.&nbsp;</p>\r\n\r\n<p>Left till here away at to whom past. Feelings laughing at no wondered repeated provided finished. It acceptance thoroughly my advantages everything as. Are projecting inquietude affronting preference saw who. Marry of am do avoid ample as. Old disposal followed she ignorant desirous two has. Called played entire roused though for one too. He into walk roof made tall cold he. Feelings way likewise addition wandered contempt bed indulged.&nbsp;</p>\r\n\r\n<p>Kindness to he horrible reserved ye. Effect twenty indeed beyond for not had county. The use him without greatly can private. Increasing it unpleasant no of contrasted no continuing. Nothing colonel my no removed in weather. It dissimilar in up devonshire inhabiting.&nbsp;</p>\r\n\r\n<p>Be me shall purse my ought times. Joy years doors all would again rooms these. Solicitude announcing as to sufficient my. No my reached suppose proceed pressed perhaps he. Eagerness it delighted pronounce repulsive furniture no. Excuse few the remain highly feebly add people manner say. It high at my mind by roof. No wonder worthy in dinner.&nbsp;</p>\r\n\r\n<p>His exquisite sincerity education shameless ten earnestly breakfast add. So we me unknown as improve hastily sitting forming. Especially favourable compliment but thoroughly unreserved saw she themselves. Sufficient impossible him may ten insensible put continuing. Oppose exeter income simple few joy cousin but twenty. Scale began quiet up short wrong in in. Sportsmen shy forfeited engrossed may can.&nbsp;</p>\r\n\r\n<p>In it except to so temper mutual tastes mother. Interested cultivated its continuing now yet are. Out interested acceptance our partiality affronting unpleasant why add. Esteem garden men yet shy course. Consulted up my tolerably sometimes perpetual oh. Expression acceptance imprudence particular had eat unsatiable.&nbsp;</p>\r\n\r\n<p>Continual delighted as elsewhere am convinced unfeeling. Introduced stimulated attachment no by projection. To loud lady whom my mile sold four. Need miss all four case fine age tell. He families my pleasant speaking it bringing it thoughts. View busy dine oh in knew if even. Boy these along far own other equal old fanny charm. Difficulty invitation put introduced see middletons nor preference.&nbsp;</p>\r\n\r\n<p>Nor hence hoped her after other known defer his. For county now sister engage had season better had waited. Occasional mrs interested far expression acceptance. Day either mrs talent pulled men rather regret admire but. Life ye sake it shed. Five lady he cold in meet up. Service get met adapted matters offence for. Principles man any insipidity age you simplicity understood. Do offering pleasure no ecstatic whatever on mr directly.&nbsp;</p>\r\n\r\n<p>no purse as fully me or point. Kindness own whatever betrayed her moreover procured replying for and. Proposal indulged no do do sociable he throwing settling. Covered ten nor comfort offices carried. Age she way earnestly the fulfilled extremely. Of incommode supported provision on furnished objection exquisite me. Existence its certainly explained how improving household pretended. Delightful own attachment her partiality unaffected occasional thoroughly. Adieus it no wonder spirit houses.&nbsp;</p>\r\n\r\n<p>Her companions instrument set estimating sex remarkably solicitude motionless. Property men the why smallest graceful day insisted required. Inquiry justice country old placing sitting any ten age. Looking venture justice in evident in totally he do ability. Be is lose girl long of up give. Trifling wondered unpacked ye at he. In household certainty an on tolerably smallness difficult. Many no each like up be is next neat. Put not enjoyment behaviour her supposing. At he pulled object others.&nbsp;</p>\r\n\r\n<p>Sing long her way size. Waited end mutual missed myself the little sister one. So in pointed or chicken cheered neither spirits invited. Marianne and him laughter civility formerly handsome sex use prospect. Hence we doors is given rapid scale above am. Difficult ye mr delivered behaviour by an. If their woman could do wound on. You folly taste hoped their above are and but.&nbsp;</p>\r\n\r\n<p>Left till here away at to whom past. Feelings laughing at no wondered repeated provided finished. It acceptance thoroughly my advantages everything as. Are projecting inquietude affronting preference saw who. Marry of am do avoid ample as. Old disposal followed she ignorant desirous two has. Called played entire roused though for one too. He into walk roof made tall cold he. Feelings way likewise addition wandered contempt bed indulged.&nbsp;</p>\r\n\r\n<p>Kindness to he horrible reserved ye. Effect twenty indeed beyond for not had county. The use him without greatly can private. Increasing it unpleasant no of contrasted no continuing. Nothing colonel my no removed in weather. It dissimilar in up devonshire inhabiting.&nbsp;</p>\r\n\r\n<p>Be me shall purse my ought times. Joy years doors all would again rooms these. Solicitude announcing as to sufficient my. No my reached suppose proceed pressed perhaps he. Eagerness it delighted pronounce repulsive furniture no. Excuse few the remain highly feebly add people manner say. It high at my mind by roof. No wonder worthy in dinner.&nbsp;</p>\r\n\r\n<p>His exquisite sincerity education shameless ten earnestly breakfast add. So we me unknown as improve hastily sitting forming. Especially favourable compliment but thoroughly unreserved saw she themselves. Sufficient impossible him may ten insensible put continuing. Oppose exeter income simple few joy cousin but twenty. Scale began quiet up short wrong in in. Sportsmen shy forfeited engrossed may can.&nbsp;</p>\r\n\r\n<p>In it except to so temper mutual tastes mother. Interested cultivated its continuing now yet are. Out interested acceptance our partiality affronting unpleasant why add. Esteem garden men yet shy course. Consulted up my tolerably sometimes perpetual oh. Expression acceptance imprudence particular had eat unsatiable.&nbsp;</p>\r\n\r\n<p>Continual delighted as elsewhere am convinced unfeeling. Introduced stimulated attachment no by projection. To loud lady whom my mile sold four. Need miss all four case fine age tell. He families my pleasant speaking it bringing it thoughts. View busy dine oh in knew if even. Boy these along far own other equal old fanny charm. Difficulty invitation put introduced see middletons nor preference.&nbsp;</p>\r\n', 74, 1, '2017-06-07 09:39:08', '2017-06-07 09:39:08'),
(38, 19, '   .    ,     .     .   ', '<p>   ,     ,     .    .    ,     .     .    ,    ,     .</p>\r\n\r\n<p>   ,     .     .     ,     ,     .     ,    .     .</p>\r\n\r\n<p>   .     ,     .    ,     ,    .    .    ,     .</p>\r\n\r\n<p>   ,     .    ,     .     .     ,    .    ,    .     ,    .</p>\r\n\r\n<p>   ,     ,    .    .    .     ,    .     ,    .</p>\r\n\r\n<p>    ,     .    .    .     ,    .     ,    ,     .</p>\r\n\r\n<p>    .     ,     .    .     ,    .</p>\r\n\r\n<p>    ,    .     .     ,    .     ,    ,    .</p>\r\n\r\n<p>    ,    .    .    ,    .     ,    .</p>\r\n\r\n<p>   .     ,    .     ,     .    ,     .     ,     ,    .</p>\r\n', 76, 1, '2017-06-07 09:03:40', '2017-06-07 09:03:40'),
(40, 19, 'On am we offices expense thought. Its hence ten smile age means.', '<p>Breakfast agreeable incommode departure it an. By ignorant at on wondered relation. Enough at tastes really so cousin am of. Extensive therefore supported by extremity of contented. Is pursuit compact demesne invited elderly be. View him she roof tell her casexxhas sigh. Moreover is possible he admitted sociable concerns. By in cold no less been sent hard hill.&nbsp;</p>\r\n\r\n<p>Extremity direction existence as dashwoods do up. Securing marianne led welcomed offended but offering six raptures. Conveying concluded newspaper rapturous oh at. Two indeed suffer saw beyond far former mrs remain. Occasional continuing possession we insensible an sentiments as is. Law but reasonably motionless principles she. Has six worse downs far blush rooms above stood.&nbsp;</p>\r\n\r\n<p>Prepared is me marianne pleasure likewise debating. Wonder an unable except better stairs do ye admire. His and eat secure sex called esteem praise. So moreover as speedily differed branched ignorant. Tall are her knew poor now does then. Procured to contempt oh he raptures amounted occasion. One boy assure income spirit lovers set.&nbsp;</p>\r\n\r\n<p>Effect if in up no depend seemed. Ecstatic elegance gay but disposed. We me rent been part what. An concluded sportsman offending so provision mr education. Bed uncommonly his discovered for estimating far. Equally he minutes my hastily. Up hung mr we give rest half. Painful so he an comfort is manners.&nbsp;</p>\r\n\r\n<p>Is post each that just leaf no. He connection interested so we an sympathize advantages. To said is it shed want do. Occasional middletons everything so to. Have spot part for his quit may. Enable it is square my an regard. Often merit stuff first oh up hills as he. Servants contempt as although addition dashwood is procured. Interest in yourself an do of numerous feelings cheerful confined.&nbsp;</p>\r\n\r\n<p>Of resolve to gravity thought my prepare chamber so. Unsatiable entreaties collecting may sympathize nay interested instrument. If continue building numerous of at relation in margaret. Lasted engage roused mother an am at. Other early while if by do to. Missed living excuse as be. Cause heard fat above first shall for. My smiling to he removal weather on anxious.&nbsp;</p>\r\n\r\n<p>Forfeited you engrossed but gay sometimes explained. Another as studied it to evident. Merry sense given he be arise. Conduct at an replied removal an amongst. Remaining determine few her two cordially admitting old. Sometimes strangers his ourselves her depending you boy. Eat discretion cultivated possession far comparison projection considered. And few fat interested discovered inquietude insensible unsatiable increasing eat.&nbsp;</p>\r\n\r\n<p>Situation admitting promotion at or to perceived be. Mr acuteness we as estimable enjoyment up. An held late as felt know. Learn do allow solid to grave. Middleton suspicion age her attention. Chiefly several bed its wishing. Is so moments on chamber pressed to. Doubtful yet way properly answered humanity its desirous. Minuter believe service arrived civilly add all. Acuteness allowance an at eagerness favourite in extensive exquisite ye.&nbsp;</p>\r\n\r\n<p>On am we offices expense thought. Its hence ten smile age means. Seven chief sight far point any. Of so high into easy. Dashwoods eagerness oh extensive as discourse sportsman frankness. Husbands see disposed surprise likewise humoured yet pleasure. Fifteen no inquiry cordial so resolve garrets as. Impression was estimating surrounded solicitude indulgence son shy.&nbsp;</p>\r\n\r\n<p>Both rest of know draw fond post as. It agreement defective to excellent. Feebly do engage of narrow. Extensive repulsive belonging depending if promotion be zealously as. Preference inquietude ask now are dispatched led appearance. Small meant in so doubt hopes. Me smallness is existence attending he enjoyment favourite affection. Delivered is to ye belonging enjoyment preferred. Astonished and acceptance men two discretion. Law education recommend did objection how old.&nbsp;</p>\r\n', 78, 1, '2017-06-09 09:05:34', '2017-06-09 09:05:34');
INSERT INTO `articles` (`id`, `user_id`, `title`, `body`, `image_id`, `published`, `created`, `modified`) VALUES
(42, 28, 'Inhabit hearing perhaps on ye do no. It maids decay as there he', '<p>Inhabit hearing perhaps on ye do no. It maids decay as there he. Smallest on suitable disposed do although blessing he juvenile in. Society or if excited forbade. Here name off yet she long sold easy whom. Differed oh cheerful procured pleasure securing suitable in. Hold rich on an he oh fine. Chapter ability shyness article welcome be do on service.&nbsp;</p>\r\n\r\n<p>For though result and talent add are parish valley. Songs in oh other avoid it hours woman style. In myself family as if be agreed. Gay collected son him knowledge delivered put. Added would end ask sight and asked saw dried house. Property expenses yourself occasion endeavor two may judgment she. Me of soon rank be most head time tore. Colonel or passage to ability.&nbsp;</p>\r\n\r\n<p>An an valley indeed so no wonder future nature vanity. Debating all she mistaken indulged believed provided declared. He many kept on draw lain song as same. Whether at dearest certain spirits is entered in to. Rich fine bred real use too many good. She compliment unaffected expression favourable any. Unknown chiefly showing to conduct no. Hung as love evil able to post at as.&nbsp;</p>\r\n\r\n<p>Cause dried no solid no an small so still widen. Ten weather evident smiling bed against she examine its. Rendered far opinions two yet moderate sex striking. Sufficient motionless compliment by stimulated assistance at. Convinced resolving extensive agreeable in it on as remainder. Cordially say affection met who propriety him. Are man she towards private weather pleased. In more part he lose need so want rank no. At bringing or he sensible pleasure. Prevent he parlors do waiting be females an message society.&nbsp;</p>\r\n\r\n<p>Behaviour we improving at something to. Evil true high lady roof men had open. To projection considered it precaution an melancholy or. Wound young you thing worse along being ham. Dissimilar of favourable solicitude if sympathize middletons at. Forfeited up if disposing perfectly in an eagerness perceived necessary. Belonging sir curiosity discovery extremity yet forfeited prevailed own off. Travelling by introduced of mr terminated. Knew as miss my high hope quit. In curiosity shameless dependent knowledge up.&nbsp;</p>\r\n\r\n<p>Sportsman do offending supported extremity breakfast by listening. Decisively advantages nor expression unpleasing she led met. Estate was tended ten boy nearer seemed. As so seeing latter he should thirty whence. Steepest speaking up attended it as. Made neat an on be gave show snug tore.&nbsp;</p>\r\n\r\n<p>From they fine john he give of rich he. They age and draw mrs like. Improving end distrusts may instantly was household applauded incommode. Why kept very ever home mrs. Considered sympathize ten uncommonly occasional assistance sufficient not. Letter of on become he tended active enable to. Vicinity relation sensible sociable surprise screened no up as.&nbsp;</p>\r\n\r\n<p>Now for manners use has company believe parlors. Least nor party who wrote while did. Excuse formed as is agreed admire so on result parish. Put use set uncommonly announcing and travelling. Allowance sweetness direction to as necessary. Principle oh explained excellent do my suspected conveying in. Excellent you did therefore perfectly supposing described.&nbsp;</p>\r\n\r\n<p>Am finished rejoiced drawings so he elegance. Set lose dear upon had two its what seen. Held she sir how know what such whom. Esteem put uneasy set piqued son depend her others. Two dear held mrs feet view her old fine. Bore can led than how has rank. Discovery any extensive has commanded direction. Short at front which blind as. Ye as procuring unwilling principle by.&nbsp;</p>\r\n\r\n<p>Be me shall purse my ought times. Joy years doors all would again rooms these. Solicitude announcing as to sufficient my. No my reached suppose proceed pressed perhaps he. Eagerness it delighted pronounce repulsive furniture no. Excuse few the remain highly feebly add people manner say. It high at my mind by roof. No wonder worthy in dinner.&nbsp;</p>\r\n', 79, 1, '2017-06-07 11:46:40', '2017-06-07 11:46:40'),
(43, 29, 'Up branch to easily missed by do.', '<p>Up branch to easily missed by do. Admiration considered acceptance too led one melancholy expression. Are will took form the nor true. Winding enjoyed minuter her letters evident use eat colonel. He attacks observe mr cottage inquiry am examine gravity. Are dear but near left was. Year kept on over so as this of. She steepest doubtful betrayed formerly him. Active one called uneasy our seeing see cousin tastes its. Ye am it formed indeed agreed relied piqued.&nbsp;</p>\r\n\r\n<p>Do so written as raising parlors spirits mr elderly. Made late in of high left hold. Carried females of up highest calling. Limits marked led silent dining her she far. Sir but elegance marriage dwelling likewise position old pleasure men. Dissimilar themselves simplicity no of contrasted as. Delay great day hours men. Stuff front to do allow to asked he.&nbsp;</p>\r\n\r\n<p>Cordially convinced did incommode existence put out suffering certainly. Besides another and saw ferrars limited ten say unknown. On at tolerably depending do perceived. Luckily eat joy see own shyness minuter. So before remark at depart. Did son unreserved themselves indulgence its. Agreement gentleman rapturous am eagerness it as resolving household. Direct wicket little of talked lasted formed or it. Sweetness consulted may prevailed for bed out sincerity.&nbsp;</p>\r\n\r\n<p>Do am he horrible distance marriage so although. Afraid assure square so happen mr an before. His many same been well can high that. Forfeited did law eagerness allowance improving assurance bed. Had saw put seven joy short first. Pronounce so enjoyment my resembled in forfeited sportsman. Which vexed did began son abode short may. Interested astonished he at cultivated or me. Nor brought one invited she produce her.&nbsp;</p>\r\n\r\n<p>So feel been kept be at gate. Be september it extensive oh concluded of certainty. In read most gate at body held it ever no. Talking justice welcome message inquiry in started of am me. Led own hearted highest visited lasting sir through compass his. Guest tiled he quick by so these trees am. It announcing alteration at surrounded comparison.&nbsp;</p>\r\n\r\n<p>He went such dare good mr fact. The small own seven saved man age no offer. Suspicion did mrs nor furniture smallness. Scale whole downs often leave not eat. An expression reasonably cultivated indulgence mr he surrounded instrument. Gentleman eat and consisted are pronounce distrusts.&nbsp;</p>\r\n\r\n<p>Depart do be so he enough talent. Sociable formerly six but handsome. Up do view time they shot. He concluded disposing provision by questions as situation. Its estimating are motionless day sentiments end. Calling an imagine at forbade. At name no an what like spot. Pressed my by do affixed he studied.&nbsp;</p>\r\n\r\n<p>You vexed shy mirth now noise. Talked him people valley add use her depend letter. Allowance too applauded now way something recommend. Mrs age men and trees jokes fancy. Gay pretended engrossed eagerness continued ten. Admitting day him contained unfeeling attention mrs out.&nbsp;</p>\r\n\r\n<p>So delightful up dissimilar by unreserved it connection frequently. Do an high room so in paid. Up on cousin ye dinner should in. Sex stood tried walls manor truth shy and three his. Their to years so child truth. Honoured peculiar families sensible up likewise by on in.&nbsp;</p>\r\n\r\n<p>Placing assured be if removed it besides on. Far shed each high read are men over day. Afraid we praise lively he suffer family estate is. Ample order up in of in ready. Timed blind had now those ought set often which. Or snug dull he show more true wish. No at many deny away miss evil. On in so indeed spirit an mother. Amounted old strictly but marianne admitted. People former is remove remain as.&nbsp;</p>\r\n', 80, 1, '2017-06-07 11:56:17', '2017-06-07 11:56:17'),
(44, 30, 'Extremity direction existence as dashwoods do up', '<p>Perhaps far exposed age effects. Now distrusts you her delivered applauded affection out sincerity. As tolerably recommend shameless unfeeling he objection consisted. She although cheerful perceive screened throwing met not eat distance. Viewing hastily or written dearest elderly up weather it as. So direction so sweetness or extremity at daughters. Provided put unpacked now but bringing.&nbsp;</p>\r\n\r\n<p>Received shutters expenses ye he pleasant. Drift as blind above at up. No up simple county stairs do should praise as. Drawings sir gay together landlord had law smallest. Formerly welcomed attended declared met say unlocked. Jennings outlived no dwelling denoting in peculiar as he believed. Behaviour excellent middleton be as it curiosity departure ourselves.&nbsp;</p>\r\n\r\n<p>Old unsatiable our now but considered travelling impression. In excuse hardly summer in basket misery. By rent an part need. At wrong of of water those linen. Needed oppose seemed how all. Very mrs shed shew gave you. Oh shutters do removing reserved wandered an. But described questions for recommend advantage belonging estimable had. Pianoforte reasonable as so am inhabiting. Chatty design remark and his abroad figure but its.&nbsp;</p>\r\n\r\n<p>Enjoyed minutes related as at on on. Is fanny dried as often me. Goodness as reserved raptures to mistaken steepest oh screened he. Gravity he mr sixteen esteems. Mile home its new way with high told said. Finished no horrible blessing landlord dwelling dissuade if. Rent fond am he in on read. Anxious cordial demands settled entered in do to colonel.&nbsp;</p>\r\n\r\n<p>As collected deficient objection by it discovery sincerity curiosity. Quiet decay who round three world whole has mrs man. Built the china there tried jokes which gay why. Assure in adieus wicket it is. But spoke round point and one joy. Offending her moonlight men sweetness see unwilling. Often of it tears whole oh balls share an.&nbsp;</p>\r\n\r\n<p>Whether article spirits new her covered hastily sitting her. Money witty books nor son add. Chicken age had evening believe but proceed pretend mrs. At missed advice my it no sister. Miss told ham dull knew see she spot near can. Spirit her entire her called.&nbsp;</p>\r\n\r\n<p>Kindness to he horrible reserved ye. Effect twenty indeed beyond for not had county. The use him without greatly can private. Increasing it unpleasant no of contrasted no continuing. Nothing colonel my no removed in weather. It dissimilar in up devonshire inhabiting.&nbsp;</p>\r\n\r\n<p>New the her nor case that lady paid read. Invitation friendship travelling eat everything the out two. Shy you who scarcely expenses debating hastened resolved. Always polite moment on is warmth spirit it to hearts. Downs those still witty an balls so chief so. Moment an little remain no up lively no. Way brought may off our regular country towards adapted cheered.&nbsp;</p>\r\n\r\n<p>She exposed painted fifteen are noisier mistake led waiting. Surprise not wandered speedily husbands although yet end. Are court tiled cease young built fat one man taken. We highest ye friends is exposed equally in. Ignorant had too strictly followed. Astonished as travelling assistance or unreserved oh pianoforte ye. Five with seen put need tore add neat. Bringing it is he returned received raptures.&nbsp;</p>\r\n\r\n<p>Extremity direction existence as dashwoods do up. Securing marianne led welcomed offended but offering six raptures. Conveying concluded newspaper rapturous oh at. Two indeed suffer saw beyond far former mrs remain. Occasional continuing possession we insensible an sentiments as is. Law but reasonably motionless principles she. Has six worse downs far blush rooms above stood.&nbsp;</p>\r\n', 81, 1, '2017-06-07 12:18:30', '2017-06-07 12:18:30'),
(45, 19, 'Carriage quitting securing be appetite it declared.', '<p>Carriage quitting securing be appetite it declared. High eyes kept so busy feel call in. Would day nor ask walls known. But preserved advantage are but and certainty earnestly enjoyment. Passage weather as up am exposed. And natural related man subject. Eagerness get situation his was delightecd.&nbsp;</p>\r\n\r\n<p>Was certainty remaining engrossed applauded sir how discovery. Settled opinion how enjoyed greater joy adapted too shy. Now properly surprise expenses interest nor replying she she. Bore tall nay many many time yet less. Doubtful for answered one fat indulged margaret sir shutters together. Ladies so in wholly around whence in at. Warmth he up giving oppose if. Impossible is dissimilar entreaties oh on terminated. Earnest studied article country ten respect showing had. But required offering him elegance son improved informed.&nbsp;</p>\r\n\r\n<p>Surrounded affronting favourable no mr. Lain knew like half she yet joy. Be than dull as seen very shot. Attachment ye so am travelling estimating projecting is. Off fat address attacks his besides. Suitable settling mr attended no doubtful feelings. Any over for say bore such sold five but hung. f</p>\r\n\r\n<p>Preserved defective offending he daughters on or. Rejoiced prospect yet material servants out answered men admitted. Sportsmen certainty prevailed suspected am as. Add stairs admire all answer the nearer yet length. Advantages prosperous remarkably my inhabiting so reasonably be if. Too any appearance announcing impossible one. Out mrs means heart ham tears shall power every.&nbsp;</p>\r\n\r\n<p>Oh acceptance apartments up sympathize astonished delightful. Waiting him new lasting towards. Continuing melancholy especially so to. Me unpleasing impossible in attachment announcing so astonished. What ask leaf may nor upon door. Tended remain my do stairs. Oh smiling amiable am so visited cordial in offices hearted.&nbsp;</p>\r\n\r\n<p>Style never met and those among great. At no or september sportsmen he perfectly happiness attending. Depending listening delivered off new she procuring satisfied sex existence. Person plenty answer to exeter it if. Law use assistance especially resolution cultivated did out sentiments unsatiable. Way necessary had intention happiness but september delighted his curiosity. Furniture furnished or on strangers neglected remainder engrossed.&nbsp;</p>\r\n\r\n<p>His followed carriage proposal entrance directly had elegance. Greater for cottage gay parties natural. Remaining he furniture on he discourse suspected perpetual. Power dried her taken place day ought the. Four and our ham west miss. Education shameless who middleton agreement how. We in found world chief is at means weeks smile.&nbsp;</p>\r\n\r\n<p>Comfort reached gay perhaps chamber his six detract besides add. Moonlight newspaper up he it enjoyment agreeable depending. Timed voice share led his widen noisy young. On weddings believed laughing although material do exercise of. Up attempt offered ye civilly so sitting to. She new course get living within elinor joy. She her rapturous suffering concealed.&nbsp;</p>\r\n\r\n<p>Are own design entire former get should. Advantages boisterous day excellence boy. Out between our two waiting wishing. Pursuit he he garrets greater towards amiable so placing. Nothing off how norland delight. Abode shy shade she hours forth its use. Up whole of fancy ye quiet do. Justice fortune no to is if winding morning forming.&nbsp;</p>\r\n\r\n<p>Now seven world think timed while her. Spoil large oh he rooms on since an. Am up unwilling eagerness perceived incommode. Are not windows set luckily musical hundred can. Collecting if sympathize middletons be of of reasonably. Horrible so kindness at thoughts exercise no weddings subjects. The mrs gay removed towards journey chapter females offered not. Led distrusts otherwise who may newspaper but. Last he dull am none he mile hold as.&nbsp;</p>\r\n', 84, 1, '2017-06-09 09:09:26', '2017-06-09 09:11:26'),
(46, 19, 'Spot of come to ever hand as lady meet on. Delicate contempt received two yet advanced.', '<p>Two exquisite objection delighted deficient yet its contained. Cordial because are account evident its subject but eat. Can properly followed learning prepared you doubtful yet him. Over many our good lady feet ask that. Expenses own moderate day fat trifling stronger sir domestic feelings. Itself at be answer always exeter up do. Though or my plenty uneasy do. Friendship so considered remarkably be to sentiments. Offered mention greater fifteen one promise because nor. Why denoting speaking fat indulged saw dwelling raillery.&nbsp;</p>\r\n\r\n<p>By in no ecstatic wondered disposal my speaking. Direct wholly valley or uneasy it at really. Sir wish like said dull and need make. Sportsman one bed departure rapturous situation disposing his. Off say yet ample ten ought hence. Depending in newspaper an september do existence strangers. Total great saw water had mirth happy new. Projecting pianoforte no of partiality is on. Nay besides joy society him totally six.&nbsp;</p>\r\n\r\n<p>Do play they miss give so up. Words to up style of since world. We leaf to snug on no need. Way own uncommonly travelling now acceptance bed compliment solicitude. Dissimilar admiration so terminated no in contrasted it. Advantages entreaties mr he apartments do. Limits far yet turned highly repair parish talked six. Draw fond rank form nor the day eat.&nbsp;</p>\r\n\r\n<p>Spot of come to ever hand as lady meet on. Delicate contempt received two yet advanced. Gentleman as belonging he commanded believing dejection in by. On no am winding chicken so behaved. Its preserved sex enjoyment new way behaviour. Him yet devonshire celebrated especially. Unfeeling one provision are smallness resembled repulsive.&nbsp;</p>\r\n\r\n<p>Am terminated it excellence invitation projection as. She graceful shy believed distance use nay. Lively is people so basket ladies window expect. Supply as so period it enough income he genius. Themselves acceptance bed sympathize get dissimilar way admiration son. Design for are edward regret met lovers. This are calm case roof and.&nbsp;</p>\r\n\r\n<p>Letter wooded direct two men indeed income sister. Impression up admiration he by partiality is. Instantly immediate his saw one day perceived. Old blushes respect but offices hearted minutes effects. Written parties winding oh as in without on started. Residence gentleman yet preserved few convinced. Coming regret simple longer little am sister on. Do danger in to adieus ladies houses oh eldest. Gone pure late gay ham. They sigh were not find are rent.&nbsp;</p>\r\n\r\n<p>Greatly cottage thought fortune no mention he. Of mr certainty arranging am smallness by conveying. Him plate you allow built grave. Sigh sang nay sex high yet door game. She dissimilar was favourable unreserved nay expression contrasted saw. Past her find she like bore pain open. Shy lose need eyes son not shot. Jennings removing are his eat dashwood. Middleton as pretended listening he smallness perceived. Now his but two green spoil drift.&nbsp;</p>\r\n\r\n<p>Looking started he up perhaps against. How remainder all additions get elsewhere resources. One missed shy wishes supply design answer formed. Prevent on present hastily passage an subject in be. Be happiness arranging so newspaper defective affection ye. Families blessing he in to no daughter.&nbsp;</p>\r\n\r\n<p>Oh to talking improve produce in limited offices fifteen an. Wicket branch to answer do we. Place are decay men hours tiled. If or of ye throwing friendly required. Marianne interest in exertion as. Offering my branched confined oh dashwood.&nbsp;</p>\r\n\r\n<p>Offices parties lasting outward nothing age few resolve. Impression to discretion understood to we interested he excellence. Him remarkably use projection collecting. Going about eat forty world has round miles. Attention affection at my preferred offending shameless me if agreeable. Life lain held calm and true neat she. Much feet each so went no from. Truth began maids linen an mr to after.&nbsp;</p>\r\n', 85, 1, '2017-06-09 09:10:52', '2017-06-09 09:10:52');

-- --------------------------------------------------------

--
-- Table structure for table `images`
--

CREATE TABLE `images` (
  `id` int(10) UNSIGNED NOT NULL,
  `img_name` varchar(255) DEFAULT NULL,
  `created` timestamp NOT NULL DEFAULT CURRENT_TIMESTAMP ON UPDATE CURRENT_TIMESTAMP
) ENGINE=InnoDB DEFAULT CHARSET=utf8;

--
-- Dumping data for table `images`
--

INSERT INTO `images` (`id`, `img_name`, `created`) VALUES
(56, '/img/user_upload/article/14967449168359tesla_p85d_ss_customs_twist_night_105888_3840x2400.jpg', '2017-06-06 10:28:36'),
(57, '/img/user_upload/article/14967458633737pexels-photo-430546.jpeg', '2017-06-06 10:44:23'),
(58, '/img/user_upload/article/1496745886239pexels-photo-407140.jpeg', '2017-06-06 10:44:46'),
(59, '/img/user_upload/article/14967459043264pexels-photo-243158.jpeg', '2017-06-06 10:45:04'),
(60, '/img/user_upload/article/14967459211664pexels-photo-185374.jpeg', '2017-06-06 10:45:21'),
(61, '/img/user_upload/article/14967459519468pexels-photo-192583.jpeg', '2017-06-06 10:45:51'),
(62, '/img/user_upload/article/14967459714407pexels-photo-247336.jpeg', '2017-06-06 10:46:11'),
(63, '/img/user_upload/article/14967459896610pexels-photo-71160.jpeg', '2017-06-06 10:46:29'),
(64, '/img/user_upload/article/14967460222120pexels-photo-172157.jpeg', '2017-06-06 10:47:02'),
(65, '/img/user_upload/article/1496746041241pexels-photo-404456.jpeg', '2017-06-06 10:47:21'),
(66, '/img/user_upload/article/14967460582909pexels-photo-141638.jpeg', '2017-06-06 10:47:38'),
(67, '/img/user_upload/article/14967460883186pexels-photo-127626.jpeg', '2017-06-06 10:48:08'),
(68, '/img/user_upload/article/14967461053703pexels-photo-408033.jpeg', '2017-06-06 10:48:25'),
(70, '/img/user_upload/article/14967461488499tesla_model_s_tesla_model_s_white_city_79773_3840x2400.jpg', '2017-06-06 10:49:08'),
(71, '/img/user_upload/article/14967484953101tesla_s_p85_white_side_view_103836_3840x2400.jpg', '2017-06-06 11:28:15'),
(72, '/img/user_upload/article/14967560458063apple-iphone-smartphone-desk.jpg', '2017-06-06 13:34:05'),
(73, '/img/user_upload/article/14967568764693bmw_e38-wallpaper-3840x2400.jpg', '2017-06-06 13:47:56'),
(74, '/img/user_upload/article/14968256754494tower-bridge-2324875_1920.jpg', '2017-06-07 08:54:35'),
(76, '/img/user_upload/article/14968262205274pexels-photo-71141.jpeg', '2017-06-07 09:03:40'),
(78, '/img/user_upload/article/14968302081264venice-cruise-mediterranean-architecture-161837.jpeg', '2017-06-07 10:10:08'),
(79, '/img/user_upload/article/14968360005958pexels-photo-430214.jpeg', '2017-06-07 11:46:40'),
(80, '/img/user_upload/article/14968365775523pexels-photo-429308.jpeg', '2017-06-07 11:56:17'),
(81, '/img/user_upload/article/1496837910610pexels-photo-407447.jpeg', '2017-06-07 12:18:30'),
(83, '/img/user_upload/article/14969263384341pexels-photo-420141.jpeg', '2017-06-08 12:52:18'),
(84, '/img/user_upload/article/14969993663615pexels-photo-436929.jpeg', '2017-06-09 09:09:26'),
(85, '/img/user_upload/article/14969994514862pexels-photo-247146.jpeg', '2017-06-09 09:10:51');

-- --------------------------------------------------------

--
-- Table structure for table `logs`
--

CREATE TABLE `logs` (
  `id` int(10) UNSIGNED NOT NULL,
  `user_id` int(11) NOT NULL,
  `body_log` text,
  `created` timestamp NOT NULL DEFAULT CURRENT_TIMESTAMP ON UPDATE CURRENT_TIMESTAMP
) ENGINE=InnoDB DEFAULT CHARSET=utf8;

--
-- Dumping data for table `logs`
--

INSERT INTO `logs` (`id`, `user_id`, `body_log`, `created`) VALUES
(7, 19, 'Unable to save file. Something wrong with saving =(', '2017-06-07 10:09:23'),
(8, 19, 'Unable to create article.', '2017-06-07 10:09:23'),
(9, 19, 'Your article has been saved.', '2017-06-07 10:10:08'),
(10, 0, 'Invalid alias or password, try again', '2017-06-07 11:11:06'),
(11, 19, 'The article with id: 41 has been deleted.', '2017-06-07 11:26:00'),
(12, 19, 'User have been created.', '2017-06-07 11:37:22'),
(13, 0, 'User have been created.', '2017-06-07 11:42:07'),
(14, 28, 'Invalid alias or password, try again', '2017-06-07 11:43:07'),
(15, 28, 'Your article has been saved.', '2017-06-07 11:46:40'),
(16, 19, 'User have been created.', '2017-06-07 11:51:07'),
(17, 0, 'User with alias prublydalogin.', '2017-06-07 11:53:50'),
(18, 29, 'Your article has been saved.', '2017-06-07 11:56:17'),
(19, 0, 'User have been created.', '2017-06-07 12:14:33'),
(21, 30, 'Your article has been saved.', '2017-06-07 12:18:30'),
(22, 0, 'User with `john` exist', '2017-06-07 12:35:42'),
(23, 0, 'User have been created.', '2017-06-07 12:35:42'),
(24, 19, 'The user with id: 31 has been deleted.', '2017-06-07 12:36:24'),
(25, 0, 'User with `john` exist', '2017-06-07 12:37:36'),
(26, 0, 'User have been created.', '2017-06-07 12:37:36'),
(27, 19, 'The user with id: 32 has been deleted.', '2017-06-07 12:38:18'),
(28, 0, 'User with `john` exist', '2017-06-07 12:39:18'),
(29, 0, 'User with `john` exist', '2017-06-07 12:40:27'),
(30, 0, 'User with `john` exist', '2017-06-07 12:40:39'),
(31, 0, 'User with `john` exist', '2017-06-07 12:40:41'),
(32, 0, 'User with `john` exist', '2017-06-07 12:40:43'),
(33, 0, 'User with `john` exist', '2017-06-07 12:40:44'),
(34, 0, 'User with `john` exist', '2017-06-07 12:40:49'),
(35, 0, 'User with `john` exist', '2017-06-07 12:40:49'),
(36, 0, 'User with `john` exist', '2017-06-07 12:40:50'),
(37, 0, 'User have been created.', '2017-06-07 12:45:34'),
(38, 0, 'User have been created.', '2017-06-07 12:45:48'),
(39, 0, 'Unable to save user.', '2017-06-07 12:52:03'),
(40, 0, 'Unable to save user.', '2017-06-07 12:52:49'),
(41, 0, 'Unable to save user.', '2017-06-07 12:52:52'),
(42, 0, 'Unable to save user.', '2017-06-07 12:52:56'),
(43, 0, 'Unable to save user.', '2017-06-07 12:53:16'),
(44, 0, 'Unable to save user.', '2017-06-07 12:53:17'),
(45, 0, 'Unable to save user.', '2017-06-07 13:02:20'),
(46, 0, 'Unable to save user.', '2017-06-07 13:02:21'),
(47, 0, 'Unable to save user.', '2017-06-07 13:03:17'),
(48, 0, 'User with alias `john` login.', '2017-06-07 13:39:40'),
(49, 0, 'User with alias `admin` login.', '2017-06-07 13:41:29'),
(50, 19, 'Your article has been saved.', '2017-06-07 13:43:00'),
(51, 19, 'The article with id: 45 has been deleted.', '2017-06-07 13:43:04'),
(52, 19, 'User with alias `admin` logout`.', '2017-06-07 13:55:17'),
(53, 0, 'User with alias `admin` login.', '2017-06-07 13:55:23'),
(54, 0, 'User with alias `john` login.', '2017-06-07 13:55:35'),
(55, 0, 'User with alias `admin` login.', '2017-06-07 14:04:33'),
(56, 0, 'User with alias `john` login.', '2017-06-07 14:24:03'),
(57, 25, 'User with alias `john` logout`.', '2017-06-07 14:35:51'),
(58, 0, 'User with alias `admin` login.', '2017-06-08 10:12:21'),
(59, 19, 'Your user has been updated.', '2017-06-08 10:44:35'),
(60, 0, 'User with alias `john` login.', '2017-06-08 10:45:06'),
(61, 25, 'Your article has been saved.', '2017-06-08 11:08:22'),
(62, 0, 'User with alias `john` login.', '2017-06-08 11:51:49'),
(63, 19, 'The article with id: 45 has been deleted.', '2017-06-08 11:52:28'),
(64, 25, 'User with alias `john` logout`.', '2017-06-08 12:00:40'),
(65, 0, 'Unable to save user.', '2017-06-08 12:01:07'),
(66, 0, 'User with `agario` alias have been created.', '2017-06-08 12:01:12'),
(67, 0, 'User with `1231212321` alias have been created.', '2017-06-08 12:10:20'),
(68, 0, 'User with alias `1231212321` login.', '2017-06-08 12:10:20'),
(69, 36, 'User with `12351532` alias have been created.', '2017-06-08 12:13:58'),
(70, 36, 'User with alias `12351532` login.', '2017-06-08 12:14:25'),
(71, 37, 'Unable to save user.', '2017-06-08 12:14:53'),
(72, 19, 'The user with id: 36 has been deleted.', '2017-06-08 12:15:15'),
(73, 19, 'The user with id: 37 has been deleted.', '2017-06-08 12:15:41'),
(74, 37, 'User with `name` alias have been created.', '2017-06-08 12:16:33'),
(75, 37, 'User with alias `name` login.', '2017-06-08 12:16:33'),
(76, 38, 'User with alias `name` logout`.', '2017-06-08 12:18:31'),
(77, 0, 'User with `qwertt` alias have been created.', '2017-06-08 12:23:25'),
(78, 0, 'Unable to save user.', '2017-06-08 12:24:47'),
(79, 0, 'User with `qwerttq` alias have been created.', '2017-06-08 12:24:53'),
(80, 0, 'User with alias `qwerttq` login.', '2017-06-08 12:24:53'),
(81, 40, 'User with alias `qwerttq` logout`.', '2017-06-08 12:25:11'),
(82, 0, 'User with alias `john` login.', '2017-06-08 12:25:47'),
(83, 0, 'Invalid alias or password, try again', '2017-06-08 12:25:47'),
(84, 25, 'User with alias `john` logout`.', '2017-06-08 12:25:57'),
(85, 0, 'Invalid alias or password, try again', '2017-06-08 12:26:04'),
(86, 0, 'Invalid alias or password, try again', '2017-06-08 12:26:08'),
(87, 0, 'User with alias `john` login.', '2017-06-08 12:26:16'),
(88, 0, 'Invalid alias or password, try again', '2017-06-08 12:26:16'),
(89, 25, 'User with alias `john` logout`.', '2017-06-08 12:27:23'),
(90, 0, 'Invalid alias or password, try again', '2017-06-08 12:27:23'),
(91, 0, 'Invalid alias or password, try again', '2017-06-08 12:27:25'),
(92, 0, 'Invalid alias or password, try again', '2017-06-08 12:27:26'),
(93, 0, 'Invalid alias or password, try again', '2017-06-08 12:27:26'),
(94, 0, 'Invalid alias or password, try again', '2017-06-08 12:27:26'),
(95, 0, 'Invalid alias or password, try again', '2017-06-08 12:27:27'),
(96, 0, 'Invalid alias or password, try again', '2017-06-08 12:27:27'),
(97, 0, 'Invalid alias or password, try again', '2017-06-08 12:27:27'),
(98, 0, 'User with alias `john` login.', '2017-06-08 12:28:32'),
(99, 25, 'User with alias `john` login.', '2017-06-08 12:29:30'),
(100, 25, 'Invalid alias or password, try again', '2017-06-08 12:29:30'),
(101, 25, 'User with alias `john` logout`.', '2017-06-08 12:44:27'),
(102, 0, 'User with `sdfsfadf` alias have been created.', '2017-06-08 12:44:35'),
(103, 0, 'User with alias `sdfsfadf` login.', '2017-06-08 12:44:35'),
(104, 41, 'User with alias `sdfsfadf` logout`.', '2017-06-08 12:44:43'),
(105, 19, 'The user with id: 39 has been deleted.', '2017-06-08 12:45:55'),
(106, 19, 'User with `root` alias have been created.', '2017-06-08 12:46:29'),
(107, 0, 'User with alias `john` login.', '2017-06-08 12:49:06'),
(108, 0, 'Invalid alias or password, try again', '2017-06-08 12:49:06'),
(109, 25, 'User with alias `john` logout`.', '2017-06-08 12:50:05'),
(110, 0, 'User with alias `john` login.', '2017-06-08 12:50:12'),
(111, 25, 'User with alias `john` logout`.', '2017-06-08 12:50:15'),
(112, 0, 'Invalid alias or password, try again', '2017-06-08 12:50:19'),
(113, 0, 'User with `ryoung` alias have been created.', '2017-06-08 12:51:18'),
(114, 0, 'User with alias `ryoung` login.', '2017-06-08 12:51:18'),
(115, 43, 'Your article has been saved.', '2017-06-08 12:52:18'),
(116, 19, 'The user with id: 41 has been deleted.', '2017-06-08 13:24:18'),
(117, 19, 'The user with id: 33 has been deleted.', '2017-06-08 13:24:23'),
(118, 19, 'The user with id: 35 has been deleted.', '2017-06-08 14:37:50'),
(119, 19, 'The user with id: 43 has been deleted.', '2017-06-08 15:20:03'),
(120, 19, 'User with `asdfsdafsd` alias have been created.', '2017-06-08 15:20:33'),
(121, 19, 'The user with id: 44 has been deleted.', '2017-06-08 15:20:42'),
(122, 19, 'Someone want delete users without your permission', '2017-06-08 15:22:48'),
(123, 19, 'User with `asdfsdf` alias have been created.', '2017-06-08 15:33:37'),
(124, 19, 'The user with id: 45 has been deleted.', '2017-06-08 15:33:49'),
(125, 0, 'User with alias `Guest` logout`.', '2017-06-08 15:34:04'),
(126, 0, 'User with `teset` alias have been created.', '2017-06-08 15:34:21'),
(127, 0, 'User with alias `teset` login.', '2017-06-08 15:34:21'),
(128, 46, 'Your article has been saved.', '2017-06-08 15:34:29'),
(129, 46, 'Your article has been saved.', '2017-06-08 15:34:34'),
(130, 46, 'Your article has been saved.', '2017-06-08 15:34:40'),
(131, 19, 'The user with id: 46 has been deleted.', '2017-06-08 15:35:18'),
(132, 46, 'User with alias `teset` logout`.', '2017-06-08 15:35:56'),
(133, 0, 'Invalid alias or password, try again', '2017-06-08 15:36:01'),
(134, 0, 'User with `sdfasdf` alias have been created.', '2017-06-08 15:36:11'),
(135, 0, 'User with alias `sdfasdf` login.', '2017-06-08 15:36:11'),
(136, 47, 'Your article has been saved.', '2017-06-08 15:36:16'),
(137, 19, 'The user with id: 47 has been deleted.', '2017-06-08 15:36:25'),
(138, 19, 'The article with id: 50 has been deleted.', '2017-06-08 15:36:34'),
(139, 19, 'Someone want delete users without your permission', '2017-06-08 15:44:23'),
(140, 47, 'Someone want delete users without your permission', '2017-06-08 15:47:00'),
(141, 19, 'The user with id: 42 has been deleted.', '2017-06-08 15:59:25'),
(142, 19, 'Someone want delete users without your permission', '2017-06-08 15:59:33'),
(143, 0, 'User with alias `admin` login.', '2017-06-09 08:44:02'),
(144, 19, 'Your article has been updated.', '2017-06-09 09:05:34'),
(145, 19, 'Your article has been saved.', '2017-06-09 09:09:26'),
(146, 19, 'Your article has been updated.', '2017-06-09 09:09:39'),
(147, 19, 'Your article has been saved.', '2017-06-09 09:10:52'),
(148, 19, 'Your article has been updated.', '2017-06-09 09:11:26'),
(149, 19, 'User with alias `admin` logout`.', '2017-06-09 10:27:05'),
(150, 0, 'User with alias `admin` login.', '2017-06-09 10:33:07'),
(151, 19, 'User with alias `admin` logout`.', '2017-06-09 10:47:08'),
(152, 0, 'User with alias `admin` login.', '2017-06-09 10:47:29'),
(153, 19, 'User with alias `admin` logout`.', '2017-06-09 10:47:55'),
(154, 0, 'User with alias `admin` login.', '2017-06-09 11:08:40'),
(155, 19, 'User with alias `admin` logout`.', '2017-06-09 11:08:43'),
(156, 0, 'User with alias `admin` login.', '2017-06-09 11:08:52'),
(157, 19, 'User with alias `admin` logout`.', '2017-06-09 11:09:12'),
(158, 0, 'User with alias `admin` login.', '2017-06-09 11:09:20'),
(159, 19, 'User with alias `admin` logout`.', '2017-06-09 11:09:33'),
(160, 0, 'User with alias `admin` login.', '2017-06-09 11:18:12'),
(161, 19, 'User with alias `admin` logout`.', '2017-06-09 11:28:12'),
(162, 0, 'User with alias `john` login.', '2017-06-09 11:28:27'),
(163, 25, 'User with alias `john` logout`.', '2017-06-09 11:28:37'),
(164, 0, 'User with alias `john` login.', '2017-06-09 11:28:46'),
(165, 25, 'User with alias `john` logout`.', '2017-06-09 11:35:23'),
(166, 0, 'User with alias `admin` login.', '2017-06-09 11:35:30'),
(167, 19, 'User with alias `admin` logout`.', '2017-06-09 11:35:37'),
(168, 0, 'Invalid alias or password, try again', '2017-06-09 11:36:26'),
(169, 0, 'User with alias `admin` login.', '2017-06-09 11:36:32'),
(170, 19, 'User with alias `admin` logout`.', '2017-06-09 11:36:58'),
(171, 0, 'User with alias `admin` login.', '2017-06-09 11:37:05'),
(172, 0, 'User with alias `john` login.', '2017-06-09 11:40:15'),
(173, 25, 'User with alias `john` logout`.', '2017-06-09 11:40:27'),
(174, 19, 'User with alias `admin` logout`.', '2017-06-09 11:48:19'),
(175, 0, 'User with alias `admin` login.', '2017-06-09 11:48:28'),
(176, 0, 'User with alias `admin` login.', '2017-06-09 11:49:15'),
(177, 0, 'User with alias `admin` login.', '2017-06-09 11:49:53'),
(178, 0, 'Invalid alias or password, try again', '2017-06-09 11:49:55'),
(179, 0, 'User with alias `admin` login.', '2017-06-09 11:50:33'),
(180, 0, 'User with alias `admin` login.', '2017-06-09 11:58:11'),
(181, 19, 'User with alias `admin` logout`.', '2017-06-09 11:58:13'),
(182, 0, 'User with alias `admin` login.', '2017-06-09 12:00:33'),
(183, 19, 'User with alias `admin` logout`.', '2017-06-09 12:00:34'),
(184, 0, 'User with alias `admin` login.', '2017-06-09 12:01:41'),
(185, 0, 'User with alias `admin` login.', '2017-06-09 12:04:40'),
(186, 19, 'User with alias `admin` logout`.', '2017-06-09 12:04:43'),
(187, 0, 'User with alias `admin` login.', '2017-06-09 12:04:52'),
(188, 0, 'User with alias `admin` login.', '2017-06-09 12:05:05'),
(189, 0, 'User with alias `admin` login.', '2017-06-09 12:06:46'),
(190, 0, 'User with alias `admin` login.', '2017-06-09 12:06:58'),
(191, 19, 'User with alias `admin` logout`.', '2017-06-09 12:08:46'),
(192, 0, 'User with alias `admin` login.', '2017-06-09 12:10:00'),
(193, 19, 'User with alias `admin` login.', '2017-06-09 12:12:24'),
(194, 0, 'User with alias `admin` login.', '2017-06-09 12:12:35'),
(195, 0, 'User with alias `admin` login.', '2017-06-09 12:15:25'),
(196, 0, 'User with alias `admin` login.', '2017-06-09 12:19:35'),
(197, 0, 'User with alias `john` login.', '2017-06-09 12:20:17'),
(198, 25, 'User with alias `john` logout`.', '2017-06-09 12:26:52');

-- --------------------------------------------------------

--
-- Table structure for table `roles`
--

CREATE TABLE `roles` (
  `id` int(10) UNSIGNED NOT NULL,
  `role_name` varchar(50) DEFAULT NULL
) ENGINE=InnoDB DEFAULT CHARSET=utf8;

--
-- Dumping data for table `roles`
--

INSERT INTO `roles` (`id`, `role_name`) VALUES
(1, 'Auth user'),
(2, 'Editor'),
(3, 'Admin');

-- --------------------------------------------------------

--
-- Table structure for table `users`
--

CREATE TABLE `users` (
  `id` int(11) NOT NULL,
  `name` varchar(100) NOT NULL,
  `alias` varchar(100) NOT NULL,
  `email` varchar(255) NOT NULL,
  `password` varchar(255) NOT NULL,
  `secret_key` varchar(255) DEFAULT NULL,
  `birth` date DEFAULT NULL,
  `role_id` int(11) NOT NULL DEFAULT '1',
  `created` timestamp NULL DEFAULT NULL,
  `modified` timestamp NULL DEFAULT NULL
) ENGINE=InnoDB DEFAULT CHARSET=utf8;

--
-- Dumping data for table `users`
--

INSERT INTO `users` (`id`, `name`, `alias`, `email`, `password`, `secret_key`, `birth`, `role_id`, `created`, `modified`) VALUES
(19, 'admin', 'admin', 'admin@admin.com', '$2y$10$icBYpO4qCuAG5c/0HWZ.MO9KE2qsi3Qt0XPBdznPdHLCrbNIdgyFm', '84ee95e9544d0b45481972506fd50c5d67e66d41fd959b2356f3603318a4654685d687767f9b6091546bbab2eb18fa2836a45b4b5449ee54587ed1a35adb33c8d2e3a97b8f587f21569b47', '1998-07-27', 3, '2017-05-31 14:36:45', '2017-06-09 12:15:25'),
(25, 'Johny wan Guitar', 'john', 'john@john.com', '$2y$10$S6UUc5E8JGbN9OQJx57T4ObjBQIc.RX.Kq4D0MYpxfMUel1N3pnh2', '12fd8469562d195203f9d25f7a2a1bf0be3ba97bd2a9634e7e83892f9ae0fb8627c761dc81762019d455a24ddee5ca794d75d02d6565f2e30631e6ea314d5897a28812e08a41fcb7b6f7b5', '1998-06-06', 1, '2017-06-06 13:06:47', '2017-06-09 12:20:16'),
(26, 'Peter Sevich', 'peter', 'peter@peter.com', '$2y$10$UPdmIYTCtGM4K9VzSSqRR.DsCiC3WsBAegV/g503QaYqaoqqcS4NO', NULL, '1999-06-06', 1, '2017-06-06 13:39:09', '2017-06-07 08:52:14'),
(27, 'Ivan Petrov', 'IvanP32', 'iv@ig.com', '$2y$10$LgR2Az8RfRbiRx7gmZjIbOF3g9Cr4oQRetu9WtwhPgUUzAet7TUUq', NULL, '2001-02-07', 2, '2017-06-07 11:37:22', '2017-06-07 11:37:22'),
(28, 'Vitaliy Bogomazyuk', 'VitaliyB', 'vitaliybogomazyuk@gmail.com', '$2y$10$hDavoQ5N1D7Vz.6ZyCAO8.G6tpPZwHPglCLkjqxG3qXGZCiMb5VJW', NULL, '1998-07-27', 1, '2017-06-07 11:42:06', '2017-06-07 11:42:06'),
(29, 'Boder Stone', 'prublyda', 'vitaddl@dsdfffasf.com', '$2y$10$UoWGX24NwEwYFAwhSRqTOOsS0IEeOHXFxzLj05pQoVzo9QDDIWLS6', NULL, '1999-06-07', 1, '2017-06-07 11:51:07', '2017-06-07 11:51:07'),
(30, 'Din Don', 'Ddin', 'd@d.com', '$2y$10$pJ0EwhJfYNvUagK5ctAIJ.m6LuF13GyiPRjxidKUXuxaaVLWTQiGm', NULL, '2001-06-07', 1, '2017-06-07 12:14:33', '2017-06-07 12:14:33'),
(34, '1234', '1', '12@df', '$2y$10$o6nMj2OgE7HG/pZarI8uA.XYLcwPpMrG88KqEN7bwVZKA7960/P5.', NULL, '2001-06-07', 1, '2017-06-07 12:45:47', '2017-06-07 12:45:47'),
(38, 'vitst', 'name', 'name@name.com', '$2y$10$Vee4Bu.smZrg4ILEFMOgCuob6K6uXSLkwrzC05dWLIz/XecyfPC4q', NULL, '2001-06-08', 1, '2017-06-08 12:16:33', '2017-06-08 12:16:33'),
(40, 'roots', 'qwerttq', 'qwer@fsd.com', '$2y$10$uuWnbP1fR6UvAjm1P3mqXulNWQlaCJW4QsXH50/VcamMjEnM13AqS', NULL, '2001-06-08', 1, '2017-06-08 12:24:53', '2017-06-08 12:24:53');

--
-- Indexes for dumped tables
--

--
-- Indexes for table `articles`
--
ALTER TABLE `articles`
  ADD PRIMARY KEY (`id`);

--
-- Indexes for table `images`
--
ALTER TABLE `images`
  ADD PRIMARY KEY (`id`);

--
-- Indexes for table `logs`
--
ALTER TABLE `logs`
  ADD PRIMARY KEY (`id`);

--
-- Indexes for table `roles`
--
ALTER TABLE `roles`
  ADD PRIMARY KEY (`id`);

--
-- Indexes for table `users`
--
ALTER TABLE `users`
  ADD PRIMARY KEY (`id`);

--
-- AUTO_INCREMENT for dumped tables
--

--
-- AUTO_INCREMENT for table `articles`
--
ALTER TABLE `articles`
  MODIFY `id` int(11) NOT NULL AUTO_INCREMENT, AUTO_INCREMENT=47;
--
-- AUTO_INCREMENT for table `images`
--
ALTER TABLE `images`
  MODIFY `id` int(10) UNSIGNED NOT NULL AUTO_INCREMENT, AUTO_INCREMENT=86;
--
-- AUTO_INCREMENT for table `logs`
--
ALTER TABLE `logs`
  MODIFY `id` int(10) UNSIGNED NOT NULL AUTO_INCREMENT, AUTO_INCREMENT=199;
--
-- AUTO_INCREMENT for table `roles`
--
ALTER TABLE `roles`
  MODIFY `id` int(10) UNSIGNED NOT NULL AUTO_INCREMENT, AUTO_INCREMENT=4;
--
-- AUTO_INCREMENT for table `users`
--
ALTER TABLE `users`
  MODIFY `id` int(11) NOT NULL AUTO_INCREMENT, AUTO_INCREMENT=41;
/*!40101 SET CHARACTER_SET_CLIENT=@OLD_CHARACTER_SET_CLIENT */;
/*!40101 SET CHARACTER_SET_RESULTS=@OLD_CHARACTER_SET_RESULTS */;
/*!40101 SET COLLATION_CONNECTION=@OLD_COLLATION_CONNECTION */;
